year,quarter,state,total_amount
2018,1,karnataka,24633971883.481403
2018,1,maharashtra,23374271643.57939
2018,1,delhi,16984596660.725187
2018,1,telangana,14765884821.836626
2018,1,west-bengal,13300006472.153883
2018,1,tamil-nadu,13135198033.481712
2018,1,andhra-pradesh,11458042589.725624
2018,1,uttar-pradesh,9742046089.529703
2018,1,rajasthan,7864702968.871473
2018,1,madhya-pradesh,7477892969.35523
2018,1,gujarat,7447092066.580046
2018,1,haryana,7066395753.503775
2018,1,bihar,4440526760.719118
2018,1,odisha,3742608848.9388666
2018,1,punjab,2860783035.2842793
2018,1,kerala,2626544989.4245386
2018,1,jharkhand,2329739386.919789
2018,1,chhattisgarh,2319497469.9187183
2018,1,uttarakhand,2142041088.2193615
2018,1,jammu-&-kashmir,1426812030.3166678
2018,1,chandigarh,1146486112.593044
2018,1,assam,1015059244.892899
2018,1,himachal-pradesh,870968126.0116625
2018,1,goa,445280216.0567766
2018,1,dadra-&-nagar-haveli-&-daman-&-diu,351316768.21843374
2018,1,puducherry,283449243.8334653
2018,1,tripura,193445611.66986436
2018,1,manipur,187930700.15487832
2018,1,arunachal-pradesh,138645485.92123824
2018,1,nagaland,129420686.62706624
2018,1,sikkim,116547976.41384754
2018,1,meghalaya,103157407.52911912
2018,1,mizoram,75088099.75660414
2018,1,andaman-&-nicobar-islands,27618329.126710474
2018,1,ladakh,24595854.3491829
2018,1,lakshadweep,3857222.36175548
2018,2,karnataka,41552574441.92909
2018,2,maharashtra,37669892566.980835
2018,2,delhi,25904840183.091385
2018,2,telangana,23880857995.24875
2018,2,tamil-nadu,23238639702.06933
2018,2,andhra-pradesh,22021683676.801117
2018,2,west-bengal,21497576850.34934
2018,2,uttar-pradesh,16372410690.295994
2018,2,rajasthan,13271110445.505386
2018,2,madhya-pradesh,12602291844.189653
2018,2,gujarat,11737954118.474758
2018,2,haryana,11341969343.9216
2018,2,bihar,9097188681.41701
2018,2,odisha,6696732196.897213
2018,2,punjab,4829613478.473766
2018,2,chhattisgarh,4541623370.837046
2018,2,jharkhand,4426096496.353924
2018,2,kerala,4254494518.186279
2018,2,jammu-&-kashmir,4089123312.695697
2018,2,uttarakhand,3744143224.257327
2018,2,assam,1997271045.1430345
2018,2,chandigarh,1782533877.690507
2018,2,himachal-pradesh,1613045225.066291
2018,2,goa,702338044.8144321
2018,2,dadra-&-nagar-haveli-&-daman-&-diu,604141543.3123032
2018,2,puducherry,483376558.9968067
2018,2,manipur,366085033.1604256
2018,2,tripura,336608832.4328013
2018,2,arunachal-pradesh,307489238.70157194
2018,2,sikkim,259211441.1500466
2018,2,nagaland,256982583.87300515
2018,2,meghalaya,185508984.87987852
2018,2,mizoram,142325980.5223054
2018,2,ladakh,94021508.97753984
2018,2,andaman-&-nicobar-islands,54848981.4551292
2018,2,lakshadweep,12375619.078801079
2018,3,karnataka,58692392182.186676
2018,3,maharashtra,52663189504.150085
2018,3,delhi,40986283514.532555
2018,3,west-bengal,40961146095.0587
2018,3,andhra-pradesh,34706074229.09517
2018,3,telangana,33496009704.356903
2018,3,tamil-nadu,32876588180.164833
2018,3,uttar-pradesh,24675491240.094368
2018,3,rajasthan,20390718339.404633
2018,3,odisha,18758717643.00019
2018,3,madhya-pradesh,18269068520.70684
2018,3,gujarat,16917729430.068623
2018,3,haryana,16070114309.32538
2018,3,bihar,14096933533.938702
2018,3,jharkhand,8687215399.590677
2018,3,punjab,7313654613.700631
2018,3,chhattisgarh,6587112057.699054
2018,3,jammu-&-kashmir,5813243045.605745
2018,3,kerala,5707212937.417425
2018,3,uttarakhand,5227720673.473958
2018,3,assam,3028746560.604638
2018,3,chandigarh,2532737127.4711843
2018,3,himachal-pradesh,2348624181.457515
2018,3,goa,1039829865.2907946
2018,3,dadra-&-nagar-haveli-&-daman-&-diu,895279191.3563511
2018,3,puducherry,698655376.1909492
2018,3,tripura,629912066.4670832
2018,3,manipur,558208175.3008757
2018,3,arunachal-pradesh,500204280.0539469
2018,3,sikkim,420896672.4059911
2018,3,nagaland,401079641.65281147
2018,3,meghalaya,320079680.97968566
2018,3,mizoram,196298615.6550753
2018,3,ladakh,167323528.14833322
2018,3,andaman-&-nicobar-islands,105652389.61574107
2018,3,lakshadweep,8678064.623971697
2018,4,karnataka,86978127694.98523
2018,4,maharashtra,78785833930.49796
2018,4,delhi,57771405111.80747
2018,4,telangana,51704224211.78056
2018,4,andhra-pradesh,49522968898.331215
2018,4,tamil-nadu,47556168975.44407
2018,4,west-bengal,43492735920.43938
2018,4,uttar-pradesh,36014250722.038155
2018,4,rajasthan,31480927005.886913
2018,4,madhya-pradesh,25985380805.70844
2018,4,haryana,24763482799.398525
2018,4,gujarat,23178669024.708496
2018,4,bihar,18782269209.92586
2018,4,odisha,18096412659.165005
2018,4,punjab,11021416406.456419
2018,4,jharkhand,9509587317.858624
2018,4,chhattisgarh,9397853287.771969
2018,4,jammu-&-kashmir,8369135591.534413
2018,4,kerala,8091208670.300293
2018,4,uttarakhand,7843766906.653155
2018,4,assam,4415668066.152181
2018,4,chandigarh,3772178949.0644436
2018,4,himachal-pradesh,3416841713.4814286
2018,4,goa,1674376386.5074792
2018,4,dadra-&-nagar-haveli-&-daman-&-diu,1317501233.601773
2018,4,puducherry,1041773894.1155462
2018,4,tripura,868378347.105072
2018,4,manipur,858865189.0762292
2018,4,arunachal-pradesh,751900592.664104
2018,4,sikkim,687465365.58916
2018,4,nagaland,632202079.5099981
2018,4,meghalaya,518326710.3163653
2018,4,mizoram,323883452.7970896
2018,4,ladakh,268661138.8125611
2018,4,andaman-&-nicobar-islands,172899771.5327849
2018,4,lakshadweep,8926427.396445664
2019,1,karnataka,142556606667.2113
2019,1,maharashtra,118051716839.34924
2019,1,telangana,109419811251.4494
2019,1,delhi,87738213890.54478
2019,1,andhra-pradesh,81867112318.64568
2019,1,tamil-nadu,63009943413.555275
2019,1,rajasthan,59383314898.49981
2019,1,uttar-pradesh,56892543462.39947
2019,1,west-bengal,55346696278.72527
2019,1,madhya-pradesh,41442891264.573395
2019,1,gujarat,36663340691.87024
2019,1,haryana,34184709420.907864
2019,1,bihar,34042100734.859737
2019,1,odisha,31658260700.07963
2019,1,punjab,14724647263.256691
2019,1,jharkhand,13808422820.0433
2019,1,chhattisgarh,13349774827.281345
2019,1,kerala,11243758854.810146
2019,1,uttarakhand,10061897721.26643
2019,1,jammu-&-kashmir,8668860061.277729
2019,1,assam,7201438401.409837
2019,1,himachal-pradesh,4691634546.862699
2019,1,chandigarh,4451469751.555625
2019,1,goa,2160792350.5117407
2019,1,dadra-&-nagar-haveli-&-daman-&-diu,1686739552.0998027
2019,1,puducherry,1546398679.5252354
2019,1,tripura,1033716631.7748318
2019,1,manipur,960117516.4954076
2019,1,arunachal-pradesh,881885557.4231135
2019,1,sikkim,825000109.6524887
2019,1,nagaland,715818001.9544632
2019,1,meghalaya,625542386.665994
2019,1,mizoram,364950589.4984557
2019,1,ladakh,298951260.7256423
2019,1,andaman-&-nicobar-islands,194164717.53414822
2019,1,lakshadweep,17572260.95867799
2019,2,karnataka,202662832458.87225
2019,2,telangana,201500125189.91763
2019,2,maharashtra,181265288799.5013
2019,2,delhi,129620067939.27586
2019,2,andhra-pradesh,118215399533.87862
2019,2,rajasthan,104041462640.47824
2019,2,uttar-pradesh,87900413049.69943
2019,2,tamil-nadu,73583489374.7084
2019,2,madhya-pradesh,71062199543.24739
2019,2,bihar,67199585541.48878
2019,2,west-bengal,64286863221.777054
2019,2,gujarat,61540826133.589554
2019,2,odisha,50735977637.44753
2019,2,haryana,44459969303.93078
2019,2,punjab,23724336600.079414
2019,2,jharkhand,21307181404.605648
2019,2,chhattisgarh,20430795485.227516
2019,2,kerala,15882378589.972412
2019,2,assam,12436939065.530485
2019,2,uttarakhand,12127540253.776167
2019,2,jammu-&-kashmir,8085694928.776025
2019,2,himachal-pradesh,7237744746.816405
2019,2,chandigarh,4997948227.783352
2019,2,goa,2370892771.1748977
2019,2,puducherry,2135998477.9151928
2019,2,dadra-&-nagar-haveli-&-daman-&-diu,1648882553.1301417
2019,2,sikkim,1383801080.776218
2019,2,tripura,1164608465.9506118
2019,2,arunachal-pradesh,1109354375.1250393
2019,2,manipur,1046038613.5676206
2019,2,nagaland,866429820.4358237
2019,2,meghalaya,786343808.9317228
2019,2,ladakh,506423305.02687544
2019,2,mizoram,419704634.42276084
2019,2,andaman-&-nicobar-islands,228593542.8019161
2019,2,lakshadweep,18485048.27397778
2019,3,karnataka,266252344520.16837
2019,3,telangana,262637188470.4322
2019,3,maharashtra,234743285069.41904
2019,3,delhi,161017373058.11975
2019,3,andhra-pradesh,146975247214.07413
2019,3,rajasthan,131701087982.31061
2019,3,uttar-pradesh,102099588550.20592
2019,3,tamil-nadu,89026664890.07253
2019,3,madhya-pradesh,79623711508.9443
2019,3,west-bengal,79104731302.68127
2019,3,bihar,73655768423.59459
2019,3,gujarat,71400624994.8709
2019,3,odisha,66491338213.28408
2019,3,haryana,54604818167.45746
2019,3,punjab,29287418871.29003
2019,3,jharkhand,24897623440.077946
2019,3,chhattisgarh,24011407722.173595
2019,3,kerala,19699815342.80041
2019,3,assam,14635650233.32559
2019,3,uttarakhand,14003876325.039022
2019,3,himachal-pradesh,8162862516.432614
2019,3,chandigarh,6046933308.355433
2019,3,jammu-&-kashmir,5148957984.593679
2019,3,goa,2994259334.5298333
2019,3,puducherry,2556667352.826789
2019,3,dadra-&-nagar-haveli-&-daman-&-diu,1922942947.6967437
2019,3,sikkim,1658329555.1895056
2019,3,tripura,1398288747.1882837
2019,3,arunachal-pradesh,1348823685.42171
2019,3,manipur,1264171218.7515447
2019,3,nagaland,1068092317.5843235
2019,3,meghalaya,980771518.9837137
2019,3,ladakh,649697141.3822837
2019,3,mizoram,472352209.25002474
2019,3,andaman-&-nicobar-islands,212059815.77048722
2019,3,lakshadweep,19303522.92753694
2019,4,karnataka,358035824325.0407
2019,4,telangana,356575350276.4004
2019,4,maharashtra,317920187790.2572
2019,4,andhra-pradesh,210589210278.59708
2019,4,delhi,202287412978.18347
2019,4,rajasthan,185465737355.2779
2019,4,uttar-pradesh,126771548089.49768
2019,4,tamil-nadu,117067114731.38503
2019,4,madhya-pradesh,103361434313.9244
2019,4,bihar,97031932261.20705
2019,4,west-bengal,94643122205.08942
2019,4,gujarat,91342992567.75029
2019,4,odisha,89338287123.90475
2019,4,haryana,71033407900.35301
2019,4,punjab,38240648018.7233
2019,4,chhattisgarh,33193073965.26876
2019,4,jharkhand,31759329689.422924
2019,4,kerala,24882509521.94944
2019,4,uttarakhand,18247639003.51845
2019,4,assam,17306480644.5851
2019,4,himachal-pradesh,10614215574.41442
2019,4,chandigarh,7714497468.461383
2019,4,goa,4380448083.576655
2019,4,puducherry,3358360796.6567245
2019,4,jammu-&-kashmir,3144497293.5205874
2019,4,dadra-&-nagar-haveli-&-daman-&-diu,2453282524.0220795
2019,4,sikkim,2189609260.452697
2019,4,manipur,1789185893.5362906
2019,4,arunachal-pradesh,1720656099.7387042
2019,4,tripura,1694921084.4163053
2019,4,nagaland,1356874162.0024397
2019,4,meghalaya,1187443407.685734
2019,4,ladakh,640240829.980201
2019,4,mizoram,616422688.9427863
2019,4,andaman-&-nicobar-islands,255899916.9790031
2019,4,lakshadweep,22539826.809847705
2020,1,telangana,491892711157.8321
2020,1,karnataka,422229142629.4913
2020,1,maharashtra,363947080014.9217
2020,1,andhra-pradesh,257305013588.24612
2020,1,rajasthan,221873941870.34558
2020,1,delhi,208810072180.79456
2020,1,uttar-pradesh,148362818569.10995
2020,1,tamil-nadu,132814241945.64287
2020,1,madhya-pradesh,127864787830.30495
2020,1,bihar,110534945335.34943
2020,1,west-bengal,107113156684.81938
2020,1,gujarat,104183195000.1871
2020,1,odisha,102482340536.4432
2020,1,haryana,87485926210.7037
2020,1,chhattisgarh,41013452089.061195
2020,1,punjab,38910355713.75505
2020,1,jharkhand,38213677757.59066
2020,1,kerala,32827817460.447052
2020,1,uttarakhand,24722942102.453365
2020,1,assam,23996777273.937737
2020,1,himachal-pradesh,10984586530.107538
2020,1,chandigarh,9638650568.474596
2020,1,goa,5232035781.256167
2020,1,manipur,4493112572.97715
2020,1,jammu-&-kashmir,3946280011.9277
2020,1,puducherry,3828709277.2836914
2020,1,dadra-&-nagar-haveli-&-daman-&-diu,2685526738.5850353
2020,1,tripura,2273351674.2351036
2020,1,arunachal-pradesh,1962615319.2038374
2020,1,sikkim,1935839298.8677673
2020,1,meghalaya,1891571689.2991042
2020,1,nagaland,1461543455.419729
2020,1,ladakh,729826231.5083767
2020,1,mizoram,646032040.5138366
2020,1,andaman-&-nicobar-islands,302897269.6790481
2020,1,lakshadweep,27004737.149008412
2020,2,telangana,379943319044.42676
2020,2,karnataka,344164186864.05853
2020,2,maharashtra,305866394948.91907
2020,2,andhra-pradesh,298313487293.0613
2020,2,rajasthan,207708354849.2526
2020,2,delhi,167190248564.93225
2020,2,madhya-pradesh,132771934869.04303
2020,2,uttar-pradesh,129596354596.98283
2020,2,bihar,114884415822.93404
2020,2,west-bengal,104035220572.09332
2020,2,tamil-nadu,100295283280.26729
2020,2,odisha,96750594356.74419
2020,2,gujarat,93147900525.4739
2020,2,haryana,81840877273.00572
2020,2,jharkhand,40396117023.486305
2020,2,punjab,35812998758.86831
2020,2,kerala,32535634745.024586
2020,2,chhattisgarh,32060691468.686096
2020,2,uttarakhand,24123109586.636555
2020,2,assam,19352740857.15439
2020,2,himachal-pradesh,11318651020.74397
2020,2,jammu-&-kashmir,10755769045.815413
2020,2,chandigarh,7264906442.834773
2020,2,manipur,5367717361.199922
2020,2,puducherry,3466746248.3469234
2020,2,goa,3178807364.98691
2020,2,dadra-&-nagar-haveli-&-daman-&-diu,2604752907.7761126
2020,2,arunachal-pradesh,2513938421.5489283
2020,2,tripura,2466045501.8756022
2020,2,sikkim,1904132166.8266237
2020,2,meghalaya,1877932904.2972343
2020,2,nagaland,1831042214.0016682
2020,2,ladakh,1007895592.3103584
2020,2,mizoram,754558673.2663972
2020,2,andaman-&-nicobar-islands,318198829.97500676
2020,2,lakshadweep,33885844.17188879
2020,3,telangana,628854050202.2141
2020,3,karnataka,508067542217.1947
2020,3,andhra-pradesh,469231311192.50476
2020,3,maharashtra,468378658084.72504
2020,3,rajasthan,326545461960.3853
2020,3,delhi,271086467472.49097
2020,3,madhya-pradesh,201673604197.5035
2020,3,uttar-pradesh,190493857206.37967
2020,3,west-bengal,175763633884.97635
2020,3,bihar,159306633001.64548
2020,3,tamil-nadu,147759980098.8184
2020,3,gujarat,126094216526.69516
2020,3,odisha,125925452632.23541
2020,3,haryana,107108311589.25076
2020,3,jharkhand,52051293292.75375
2020,3,punjab,48363896111.46964
2020,3,kerala,47152972499.4666
2020,3,chhattisgarh,41915640210.2163
2020,3,assam,33603476374.88619
2020,3,uttarakhand,32144214400.11404
2020,3,jammu-&-kashmir,15912609873.348501
2020,3,himachal-pradesh,14475887136.844913
2020,3,chandigarh,9474646441.35556
2020,3,manipur,7909190268.753126
2020,3,puducherry,6500532906.473544
2020,3,goa,5137795661.942517
2020,3,arunachal-pradesh,3694537941.3077006
2020,3,dadra-&-nagar-haveli-&-daman-&-diu,3499578229.9987254
2020,3,nagaland,3409238394.5851507
2020,3,tripura,3191080969.205704
2020,3,sikkim,2558397164.955238
2020,3,meghalaya,1891027450.9386454
2020,3,ladakh,1608913023.5836997
2020,3,mizoram,1207844463.6865096
2020,3,andaman-&-nicobar-islands,639843386.0053322
2020,3,lakshadweep,42613666.61731365
2020,4,telangana,761891153372.3413
2020,4,karnataka,666685583189.3643
2020,4,andhra-pradesh,635270705053.387
2020,4,maharashtra,587976271123.5597
2020,4,rajasthan,391436051008.1173
2020,4,delhi,313135250888.5083
2020,4,madhya-pradesh,252724691628.1108
2020,4,uttar-pradesh,245283216708.67673
2020,4,west-bengal,199596145158.04584
2020,4,bihar,194968930760.9255
2020,4,tamil-nadu,189477095530.0474
2020,4,odisha,166915930712.7246
2020,4,gujarat,157575662194.80386
2020,4,haryana,151451157862.2731
2020,4,jharkhand,73559771933.36058
2020,4,chhattisgarh,62125281732.846466
2020,4,punjab,61385950125.36096
2020,4,kerala,60354628146.528206
2020,4,uttarakhand,44793525148.55043
2020,4,assam,41896570410.55618
2020,4,jammu-&-kashmir,18835491533.372116
2020,4,himachal-pradesh,18562833049.61689
2020,4,chandigarh,11269761389.292454
2020,4,goa,10495948204.774748
2020,4,manipur,9322864763.212355
2020,4,puducherry,8704867687.697317
2020,4,dadra-&-nagar-haveli-&-daman-&-diu,5401022201.657007
2020,4,arunachal-pradesh,4916490571.583269
2020,4,nagaland,4674484793.408717
2020,4,tripura,4336127174.600502
2020,4,sikkim,3478811233.6953897
2020,4,meghalaya,2742103062.8698325
2020,4,ladakh,2128435645.6157355
2020,4,mizoram,1641547798.3444855
2020,4,andaman-&-nicobar-islands,1163559031.8109164
2020,4,lakshadweep,60222635.83416078
2021,1,telangana,925764294711.6781
2021,1,maharashtra,826297665672.1481
2021,1,karnataka,824654688368.5839
2021,1,andhra-pradesh,665483573110.0238
2021,1,rajasthan,540334805093.1662
2021,1,delhi,407618914073.4484
2021,1,madhya-pradesh,343776013856.9266
2021,1,uttar-pradesh,301157333903.5522
2021,1,west-bengal,265342329099.72876
2021,1,bihar,261211645134.41757
2021,1,tamil-nadu,248994548355.7765
2021,1,odisha,214074744871.1774
2021,1,gujarat,207689087807.7264
2021,1,haryana,166253734967.7046
2021,1,jharkhand,88218995417.299
2021,1,kerala,78304889421.41692
2021,1,chhattisgarh,70759874029.64711
2021,1,punjab,70638751138.1732
2021,1,assam,58865683539.978874
2021,1,uttarakhand,53840724374.61573
2021,1,jammu-&-kashmir,22658535200.990147
2021,1,himachal-pradesh,19407425837.193375
2021,1,goa,15292957292.196163
2021,1,chandigarh,14098923715.986065
2021,1,manipur,12294787812.063562
2021,1,puducherry,10485661122.26519
2021,1,dadra-&-nagar-haveli-&-daman-&-diu,5931265822.38701
2021,1,nagaland,5372774099.787002
2021,1,arunachal-pradesh,5259273930.90648
2021,1,tripura,4547799582.3169365
2021,1,sikkim,4038172857.5887995
2021,1,meghalaya,3173512128.636171
2021,1,ladakh,1893607463.1565084
2021,1,mizoram,1839651523.6870294
2021,1,andaman-&-nicobar-islands,1479586304.6661508
2021,1,lakshadweep,54085565.828162305
2021,2,telangana,1217637090667.1558
2021,2,maharashtra,1009186740700.1512
2021,2,karnataka,899455816734.1427
2021,2,andhra-pradesh,849357395992.5001
2021,2,rajasthan,613375018441.9299
2021,2,delhi,443800842728.4921
2021,2,madhya-pradesh,422755234467.1474
2021,2,uttar-pradesh,344724118647.19867
2021,2,bihar,344163741528.12836
2021,2,west-bengal,311780983507.7211
2021,2,tamil-nadu,269307866705.40533
2021,2,odisha,247155692566.2297
2021,2,gujarat,239705305407.89124
2021,2,haryana,196277389155.24814
2021,2,jharkhand,109601990595.00392
2021,2,kerala,84732360279.51007
2021,2,punjab,84093582165.40541
2021,2,chhattisgarh,78474931577.41791
2021,2,assam,67994144192.05651
2021,2,uttarakhand,60847850500.37209
2021,2,jammu-&-kashmir,30851844401.745327
2021,2,himachal-pradesh,22341314636.51139
2021,2,chandigarh,15748435878.37591
2021,2,manipur,13800446162.165174
2021,2,goa,12231896500.231983
2021,2,puducherry,11693505732.309483
2021,2,dadra-&-nagar-haveli-&-daman-&-diu,6315336922.837807
2021,2,arunachal-pradesh,6073626060.135818
2021,2,nagaland,5387861743.480473
2021,2,tripura,4742555610.393803
2021,2,sikkim,4429070664.067256
2021,2,meghalaya,3432038971.600052
2021,2,ladakh,2742701749.7281556
2021,2,mizoram,1880209122.2955546
2021,2,andaman-&-nicobar-islands,1700566281.4859135
2021,2,lakshadweep,54766927.31590305
2021,3,telangana,1392878031410.0337
2021,3,maharashtra,1286151011088.649
2021,3,karnataka,1230863666844.0452
2021,3,andhra-pradesh,982736499245.424
2021,3,rajasthan,773315215466.2139
2021,3,delhi,593142159289.7515
2021,3,madhya-pradesh,509127293286.806
2021,3,uttar-pradesh,405942273266.987
2021,3,west-bengal,404036578540.1891
2021,3,tamil-nadu,371788039880.6163
2021,3,bihar,367562518111.0272
2021,3,odisha,309347487386.64417
2021,3,gujarat,308074765755.0526
2021,3,haryana,241404269833.45096
2021,3,jharkhand,127911709889.34697
2021,3,kerala,115051044180.76044
2021,3,chhattisgarh,108283798959.33072
2021,3,punjab,106976742584.64557
2021,3,assam,89422971729.19218
2021,3,uttarakhand,74995373699.16942
2021,3,jammu-&-kashmir,43532527267.15979
2021,3,himachal-pradesh,29213130955.103745
2021,3,chandigarh,22213234330.07586
2021,3,manipur,18234967481.37633
2021,3,goa,15972863915.523317
2021,3,puducherry,15630013234.812304
2021,3,dadra-&-nagar-haveli-&-daman-&-diu,8611878205.583015
2021,3,arunachal-pradesh,7893130312.626661
2021,3,nagaland,6809505831.413696
2021,3,tripura,5980653290.316546
2021,3,sikkim,5460213228.935747
2021,3,meghalaya,4342892348.762053
2021,3,ladakh,4271523825.788018
2021,3,mizoram,2487870193.7751875
2021,3,andaman-&-nicobar-islands,2474456514.7257333
2021,3,lakshadweep,77606327.3975363
2021,4,telangana,1714147030738.144
2021,4,maharashtra,1599446300139.5627
2021,4,karnataka,1484858256583.0845
2021,4,andhra-pradesh,1157899881235.3228
2021,4,rajasthan,968474085590.2045
2021,4,delhi,755436518217.1716
2021,4,madhya-pradesh,663739667206.7728
2021,4,uttar-pradesh,549617948155.297
2021,4,west-bengal,505457466114.55634
2021,4,bihar,473956780481.38245
2021,4,tamil-nadu,448270139428.99646
2021,4,odisha,388169244787.8761
2021,4,gujarat,381006011614.7379
2021,4,haryana,308901423131.0737
2021,4,jharkhand,172538727126.83615
2021,4,chhattisgarh,143887397182.841
2021,4,kerala,138553184091.6192
2021,4,punjab,135730964586.62094
2021,4,assam,120773597264.23938
2021,4,uttarakhand,98527555752.95049
2021,4,jammu-&-kashmir,53540205360.59704
2021,4,himachal-pradesh,36103523614.25803
2021,4,goa,29135788419.361763
2021,4,chandigarh,27042597802.634987
2021,4,manipur,22339348689.859703
2021,4,puducherry,18656632404.974625
2021,4,dadra-&-nagar-haveli-&-daman-&-diu,11131678772.661322
2021,4,arunachal-pradesh,9489496796.976973
2021,4,nagaland,8490951058.2562475
2021,4,sikkim,7718631058.811584
2021,4,tripura,7469993239.717492
2021,4,meghalaya,5983930138.044245
2021,4,ladakh,4135682006.8325214
2021,4,andaman-&-nicobar-islands,3680262659.1663322
2021,4,mizoram,2956874314.6204367
2021,4,lakshadweep,101996371.05676202
2022,1,telangana,1943735602512.7183
2022,1,maharashtra,1822202783566.0823
2022,1,karnataka,1661064908591.0261
2022,1,andhra-pradesh,1288587527973.3196
2022,1,rajasthan,1088917735947.1703
2022,1,delhi,834819458547.2794
2022,1,madhya-pradesh,754010829977.3606
2022,1,uttar-pradesh,620094775435.3562
2022,1,west-bengal,604144805787.918
2022,1,bihar,543296974101.53925
2022,1,tamil-nadu,517607876385.32635
2022,1,odisha,445047818272.18896
2022,1,gujarat,438797017112.94684
2022,1,haryana,344916177380.77234
2022,1,jharkhand,202784646110.71698
2022,1,chhattisgarh,162883891852.7869
2022,1,kerala,157918465368.7163
2022,1,assam,152973208420.7375
2022,1,punjab,142476314027.3852
2022,1,uttarakhand,106393944395.51622
2022,1,jammu-&-kashmir,41114971206.78324
2022,1,himachal-pradesh,37198334576.01386
2022,1,goa,30657707737.479847
2022,1,chandigarh,28588537959.189377
2022,1,manipur,24960219786.955425
2022,1,puducherry,21636117832.215725
2022,1,dadra-&-nagar-haveli-&-daman-&-diu,12474096734.524778
2022,1,arunachal-pradesh,10762643335.316404
2022,1,nagaland,9628423623.696342
2022,1,tripura,8445196616.627711
2022,1,sikkim,7980971859.055337
2022,1,meghalaya,7267888128.280532
2022,1,andaman-&-nicobar-islands,4059428286.3626714
2022,1,ladakh,3873202654.456985
2022,1,mizoram,3229639398.3924494
2022,1,lakshadweep,109878865.30786012
2022,2,telangana,2300379601162.906
2022,2,maharashtra,2203290943446.4097
2022,2,karnataka,1990719820137.1475
2022,2,andhra-pradesh,1476353985674.0332
2022,2,rajasthan,1241171317170.1543
2022,2,delhi,980270853925.2728
2022,2,madhya-pradesh,863299712708.8926
2022,2,uttar-pradesh,746634723834.942
2022,2,west-bengal,709029829456.5793
2022,2,bihar,677679054628.6633
2022,2,tamil-nadu,593225362365.6465
2022,2,odisha,506537148433.5213
2022,2,gujarat,500531990195.2661
2022,2,haryana,400175505375.9077
2022,2,jharkhand,236825240518.00308
2022,2,chhattisgarh,188772085200.81006
2022,2,assam,178941350262.59686
2022,2,kerala,174507653635.11465
2022,2,punjab,165211976592.5289
2022,2,uttarakhand,129294217754.85274
2022,2,jammu-&-kashmir,57597148310.60875
2022,2,himachal-pradesh,46969331431.34613
2022,2,goa,35795418697.22103
2022,2,chandigarh,32540239921.434475
2022,2,manipur,26506013948.85776
2022,2,puducherry,24656176160.676743
2022,2,dadra-&-nagar-haveli-&-daman-&-diu,13990319561.621677
2022,2,arunachal-pradesh,12512964747.768122
2022,2,sikkim,10349253104.004936
2022,2,nagaland,9921969598.429766
2022,2,tripura,9382820489.633593
2022,2,meghalaya,8324706908.152523
2022,2,ladakh,6843080719.053912
2022,2,andaman-&-nicobar-islands,5120686385.001726
2022,2,mizoram,3338662543.9794607
2022,2,lakshadweep,111859203.97981137
2022,3,telangana,3891159861973.1514
2022,3,maharashtra,2114640336488.535
2022,3,karnataka,1727525986030.2258
2022,3,rajasthan,1430318843049.5344
2022,3,andhra-pradesh,1363583604779.432
2022,3,madhya-pradesh,1282009049147.8955
2022,3,delhi,1070093158690.0657
2022,3,uttar-pradesh,864330689735.4392
2022,3,bihar,813821076785.8367
2022,3,west-bengal,783904116168.7352
2022,3,tamil-nadu,645704398825.8257
2022,3,odisha,633371777486.4764
2022,3,gujarat,588026169214.7635
2022,3,haryana,451437141716.0442
2022,3,chhattisgarh,272835919607.87805
2022,3,jharkhand,257393557236.71237
2022,3,punjab,184286638122.60574
2022,3,kerala,183234398302.89346
2022,3,assam,180039713588.0101
2022,3,uttarakhand,140901194402.97318
2022,3,himachal-pradesh,53354686819.174995
2022,3,jammu-&-kashmir,45423514840.53962
2022,3,chandigarh,38945743585.73644
2022,3,goa,29675947248.84831
2022,3,manipur,27348274211.493446
2022,3,puducherry,18797975355.626827
2022,3,meghalaya,16679323636.658777
2022,3,dadra-&-nagar-haveli-&-daman-&-diu,15041294718.998878
2022,3,tripura,12455208321.293476
2022,3,arunachal-pradesh,12322638596.806498
2022,3,sikkim,9487913086.22423
2022,3,nagaland,9214020237.06822
2022,3,ladakh,6954527412.481796
2022,3,andaman-&-nicobar-islands,6335664741.228659
2022,3,mizoram,3268341400.0273604
2022,3,lakshadweep,95160019.23500054
2022,4,telangana,4304871347445.117
2022,4,maharashtra,2427972999541.429
2022,4,karnataka,2053494711137.2112
2022,4,rajasthan,1700586312613.233
2022,4,madhya-pradesh,1675645899599.7788
2022,4,andhra-pradesh,1390721039064.0469
2022,4,delhi,1182874882356.5337
2022,4,uttar-pradesh,1083037383482.6423
2022,4,bihar,960036756985.8467
2022,4,west-bengal,906762256809.4484
2022,4,odisha,729850504828.0074
2022,4,tamil-nadu,706473875301.6943
2022,4,gujarat,669363195729.1405
2022,4,haryana,522024171421.4787
2022,4,jharkhand,317979906207.8296
2022,4,chhattisgarh,311806183712.50055
2022,4,assam,222618789662.99252
2022,4,punjab,204738550325.97205
2022,4,kerala,200395219477.2048
2022,4,uttarakhand,180401452253.90436
2022,4,himachal-pradesh,61631613015.24088
2022,4,chandigarh,53758769089.37324
2022,4,jammu-&-kashmir,50157594620.931885
2022,4,goa,38171676867.25228
2022,4,manipur,27647417583.046364
2022,4,puducherry,19225443220.454796
2022,4,dadra-&-nagar-haveli-&-daman-&-diu,16119281492.162258
2022,4,tripura,15840925258.703176
2022,4,meghalaya,15227950556.609674
2022,4,arunachal-pradesh,13246411121.654299
2022,4,nagaland,12248264330.270897
2022,4,sikkim,12038698923.796259
2022,4,andaman-&-nicobar-islands,7645177236.472462
2022,4,ladakh,5571551961.873394
2022,4,mizoram,3313583309.7439904
2022,4,lakshadweep,109627747.22987251
2023,1,karnataka,2134666022931
2023,1,andhra-pradesh,2130614641798
2023,1,telangana,2117500090056
2023,1,maharashtra,1756589345408
2023,1,rajasthan,1189334543516
2023,1,uttar-pradesh,783695365377
2023,1,delhi,731316495157
2023,1,west-bengal,707218352988
2023,1,madhya-pradesh,644722296785
2023,1,bihar,594851876502
2023,1,haryana,583272492089
2023,1,odisha,551007781321
2023,1,gujarat,525344841786
2023,1,tamil-nadu,487062362517
2023,1,jharkhand,341430094646
2023,1,chhattisgarh,291684388123
2023,1,kerala,178887030064
2023,1,punjab,167753452831
2023,1,assam,147403671642
2023,1,uttarakhand,146364182023
2023,1,jammu-&-kashmir,54196074998
2023,1,goa,53308438646
2023,1,himachal-pradesh,47837279660
2023,1,dadra-&-nagar-haveli-&-daman-&-diu,25228182400
2023,1,puducherry,23872044145
2023,1,chandigarh,22620394254
2023,1,arunachal-pradesh,22424780378
2023,1,tripura,17637967787
2023,1,meghalaya,15817090114
2023,1,nagaland,12663793429
2023,1,sikkim,12105206683
2023,1,manipur,12043219051
2023,1,andaman-&-nicobar-islands,8425230581
2023,1,ladakh,7399304091
2023,1,mizoram,4596247359
2023,1,lakshadweep,170643922
2023,2,telangana,2419774608713
2023,2,karnataka,2385432397358
2023,2,andhra-pradesh,2378661364244
2023,2,maharashtra,1918191186750
2023,2,rajasthan,1289126051159
2023,2,uttar-pradesh,868669450785
2023,2,delhi,792883483519
2023,2,west-bengal,789801376051
2023,2,madhya-pradesh,720838385077
2023,2,bihar,699178829010
2023,2,haryana,649947015965
2023,2,odisha,593120458762
2023,2,gujarat,566594989939
2023,2,tamil-nadu,529928081410
2023,2,jharkhand,389086892820
2023,2,chhattisgarh,322619586831
2023,2,kerala,191643396999
2023,2,punjab,187157103219
2023,2,uttarakhand,177437356646
2023,2,assam,163553267139
2023,2,jammu-&-kashmir,72746809567
2023,2,himachal-pradesh,58636633797
2023,2,goa,58374213807
2023,2,dadra-&-nagar-haveli-&-daman-&-diu,27501076376
2023,2,arunachal-pradesh,27181221007
2023,2,puducherry,25881791333
2023,2,chandigarh,25480627474
2023,2,tripura,18688940044
2023,2,meghalaya,17454614779
2023,2,sikkim,15562241241
2023,2,ladakh,13894086112
2023,2,nagaland,13410307291
2023,2,andaman-&-nicobar-islands,9425475046
2023,2,manipur,6219287431
2023,2,mizoram,5029913533
2023,2,lakshadweep,195974876
2023,3,telangana,2615562452010
2023,3,karnataka,2609839492032
2023,3,andhra-pradesh,2533015523875
2023,3,maharashtra,2070454449710
2023,3,rajasthan,1396431097899
2023,3,uttar-pradesh,920957612524
2023,3,west-bengal,850516824635
2023,3,delhi,849131350120
2023,3,madhya-pradesh,760851643050
2023,3,haryana,680802123528
2023,3,bihar,667160410107
2023,3,odisha,625322807968
2023,3,gujarat,623258441381
2023,3,tamil-nadu,571293946600
2023,3,jharkhand,388587200494
2023,3,chhattisgarh,341322998208
2023,3,kerala,204163621903
2023,3,punjab,200148968360
2023,3,uttarakhand,174142678055
2023,3,assam,169586627821
2023,3,jammu-&-kashmir,80593074464
2023,3,goa,55634254835
2023,3,himachal-pradesh,51021801028
2023,3,dadra-&-nagar-haveli-&-daman-&-diu,30192132926
2023,3,arunachal-pradesh,28956729194
2023,3,puducherry,27622958413
2023,3,chandigarh,27209683640
2023,3,tripura,20448104776
2023,3,meghalaya,17934811447
2023,3,ladakh,15881337990
2023,3,sikkim,14529315812
2023,3,nagaland,14399018971
2023,3,andaman-&-nicobar-islands,9828682363
2023,3,manipur,5284962419
2023,3,mizoram,4987844316
2023,3,lakshadweep,189054122
2023,4,telangana,2787267975992
2023,4,karnataka,2767201354787
2023,4,andhra-pradesh,2670431701289
2023,4,maharashtra,2291280401761
2023,4,rajasthan,1579111909586
2023,4,uttar-pradesh,1051028595002
2023,4,west-bengal,981317418290
2023,4,delhi,967975157666
2023,4,madhya-pradesh,862919536319
2023,4,bihar,823697802200
2023,4,haryana,778246095550
2023,4,odisha,723877234914
2023,4,gujarat,691606255412
2023,4,tamil-nadu,590579595378
2023,4,jharkhand,459817096169
2023,4,chhattisgarh,390999250047
2023,4,punjab,223486474670
2023,4,kerala,207014101869
2023,4,assam,200627199088
2023,4,uttarakhand,200479950665
2023,4,jammu-&-kashmir,88469137475
2023,4,goa,66847393360
2023,4,himachal-pradesh,59870973771
2023,4,dadra-&-nagar-haveli-&-daman-&-diu,35116119934
2023,4,arunachal-pradesh,32720338014
2023,4,chandigarh,28791543437
2023,4,puducherry,28556508665
2023,4,tripura,22685787855
2023,4,meghalaya,21971461021
2023,4,nagaland,16246356395
2023,4,sikkim,15299782136
2023,4,ladakh,13365946870
2023,4,andaman-&-nicobar-islands,11873537440
2023,4,manipur,9782518592
2023,4,mizoram,5646033205
2023,4,lakshadweep,239662766
2024,1,karnataka,2904475872939
2024,1,andhra-pradesh,2834944602199
2024,1,telangana,2813626123898
2024,1,maharashtra,2448876805521
2024,1,rajasthan,1796116967527
2024,1,west-bengal,1129950662258
2024,1,uttar-pradesh,1126665523862
2024,1,delhi,1009297383324
2024,1,madhya-pradesh,964810011677
2024,1,bihar,922972279279
2024,1,odisha,834531079871
2024,1,haryana,814504020468
2024,1,gujarat,760358002107
2024,1,tamil-nadu,616003125241
2024,1,jharkhand,507981443835
2024,1,chhattisgarh,441968314262
2024,1,assam,229228017165
2024,1,punjab,214768734516
2024,1,kerala,209053364580
2024,1,uttarakhand,205770680565
2024,1,jammu-&-kashmir,89743904965
2024,1,goa,68104060224
2024,1,himachal-pradesh,60862623897
2024,1,dadra-&-nagar-haveli-&-daman-&-diu,39038392650
2024,1,arunachal-pradesh,35404381869
2024,1,puducherry,29115185806
2024,1,chandigarh,27977520700
2024,1,meghalaya,24882978162
2024,1,tripura,23814512945
2024,1,sikkim,16936182113
2024,1,nagaland,16906285800
2024,1,andaman-&-nicobar-islands,12995397668
2024,1,manipur,12926331194
2024,1,ladakh,11756852376
2024,1,mizoram,5745055149
2024,1,lakshadweep,260104762
2024,2,karnataka,3122575071532
2024,2,telangana,3033903124068
2024,2,andhra-pradesh,3002256245782
2024,2,maharashtra,2558600411252
2024,2,rajasthan,1889891224177
2024,2,uttar-pradesh,1233933080213
2024,2,west-bengal,1221391440975
2024,2,delhi,1079060617162
2024,2,bihar,1046859442503
2024,2,madhya-pradesh,1036332211641
2024,2,haryana,901661341409
2024,2,odisha,849274432839
2024,2,gujarat,790027632885
2024,2,tamil-nadu,662796469862
2024,2,jharkhand,558382214148
2024,2,chhattisgarh,473998772548
2024,2,assam,249121224247
2024,2,uttarakhand,240171222139
2024,2,punjab,234841496255
2024,2,kerala,222012031056
2024,2,jammu-&-kashmir,120076446396
2024,2,himachal-pradesh,75279877589
2024,2,goa,70918357636
2024,2,dadra-&-nagar-haveli-&-daman-&-diu,40657985422
2024,2,arunachal-pradesh,39945767548
2024,2,chandigarh,31107224904
2024,2,puducherry,30569211843
2024,2,meghalaya,26417333873
2024,2,tripura,24467808281
2024,2,sikkim,20200568961
2024,2,ladakh,19576882522
2024,2,nagaland,18584758555
2024,2,manipur,15219245537
2024,2,andaman-&-nicobar-islands,13791725452
2024,2,mizoram,6146175175
2024,2,lakshadweep,292425682
2024,3,karnataka,3219010010878
2024,3,telangana,3174489119889
2024,3,maharashtra,2687190546353
2024,3,andhra-pradesh,2051452410420
2024,3,rajasthan,1491645225075
2024,3,uttar-pradesh,1303891240422
2024,3,west-bengal,1272087526391
2024,3,delhi,1155193830152
2024,3,madhya-pradesh,1099921850352
2024,3,bihar,1018228441042
2024,3,haryana,933932718729
2024,3,odisha,880777308367
2024,3,gujarat,843342042802
2024,3,tamil-nadu,705856266279
2024,3,jharkhand,569242803155
2024,3,chhattisgarh,473738587994
2024,3,punjab,244701821992
2024,3,uttarakhand,239329186107
2024,3,kerala,239275618286
2024,3,assam,226309935179
2024,3,jammu-&-kashmir,136876855765
2024,3,himachal-pradesh,69546573340
2024,3,goa,68987916080
2024,3,dadra-&-nagar-haveli-&-daman-&-diu,43110501467
2024,3,arunachal-pradesh,41991994905
2024,3,chandigarh,33828505215
2024,3,puducherry,31797178310
2024,3,tripura,26705489658
2024,3,meghalaya,24679317126
2024,3,ladakh,24335477601
2024,3,nagaland,20912824642
2024,3,sikkim,18917329027
2024,3,manipur,16977397257
2024,3,andaman-&-nicobar-islands,14372460341
2024,3,mizoram,6227622265
2024,3,lakshadweep,384816174
2024,4,telangana,3375702996817
2024,4,karnataka,3361445822452
2024,4,maharashtra,2959562080446
2024,4,andhra-pradesh,2178119953775
2024,4,rajasthan,1668373165099
2024,4,uttar-pradesh,1481267307072
2024,4,west-bengal,1415834202407
2024,4,delhi,1282311970444
2024,4,madhya-pradesh,1215020245979
2024,4,bihar,1182327358809
2024,4,haryana,1032614727183
2024,4,odisha,964712951275
2024,4,gujarat,932202156254
2024,4,tamil-nadu,724642110770
2024,4,jharkhand,652520314224
2024,4,chhattisgarh,540101260910
2024,4,punjab,274923957057
2024,4,uttarakhand,269008070091
2024,4,assam,258261190277
2024,4,kerala,250450317290
2024,4,jammu-&-kashmir,155101132807
2024,4,goa,85215530140
2024,4,himachal-pradesh,79335858690
2024,4,dadra-&-nagar-haveli-&-daman-&-diu,47869053126
2024,4,arunachal-pradesh,45950602548
2024,4,chandigarh,36144195793
2024,4,puducherry,32620456715
2024,4,tripura,29911421285
