state,year,quarter,brand,user_count,user_percentage
andaman-&-nicobar-islands,2018,1,Xiaomi,1665,0.2470326409495549
andaman-&-nicobar-islands,2018,1,Samsung,1445,0.21439169139465875
andaman-&-nicobar-islands,2018,1,Vivo,982,0.1456973293768546
andaman-&-nicobar-islands,2018,1,Oppo,501,0.07433234421364986
andaman-&-nicobar-islands,2018,1,OnePlus,332,0.04925816023738872
andaman-&-nicobar-islands,2018,1,Realme,316,0.04688427299703264
andaman-&-nicobar-islands,2018,1,Apple,229,0.03397626112759644
andaman-&-nicobar-islands,2018,1,Motorola,226,0.03353115727002967
andaman-&-nicobar-islands,2018,1,Lenovo,202,0.02997032640949555
andaman-&-nicobar-islands,2018,1,Huawei,158,0.02344213649851632
andaman-&-nicobar-islands,2018,1,Others,684,0.10148367952522255
andaman-&-nicobar-islands,2018,2,Xiaomi,2303,0.24486975013290802
andaman-&-nicobar-islands,2018,2,Samsung,1923,0.20446570972886763
andaman-&-nicobar-islands,2018,2,Vivo,1523,0.1619351408825093
andaman-&-nicobar-islands,2018,2,Oppo,708,0.07527910685805422
andaman-&-nicobar-islands,2018,2,OnePlus,466,0.049548112706007445
andaman-&-nicobar-islands,2018,2,Realme,465,0.049441786283891544
andaman-&-nicobar-islands,2018,2,Motorola,319,0.03391812865497076
andaman-&-nicobar-islands,2018,2,Apple,308,0.03274853801169591
andaman-&-nicobar-islands,2018,2,Lenovo,244,0.025943646996278574
andaman-&-nicobar-islands,2018,2,Huawei,230,0.024455077086656035
andaman-&-nicobar-islands,2018,2,Others,916,0.09739500265816055
andaman-&-nicobar-islands,2018,3,Xiaomi,2950,0.24281833895793892
andaman-&-nicobar-islands,2018,3,Samsung,2409,0.19828792493209318
andaman-&-nicobar-islands,2018,3,Vivo,2063,0.1698082146678739
andaman-&-nicobar-islands,2018,3,Oppo,988,0.08132356572557412
andaman-&-nicobar-islands,2018,3,OnePlus,617,0.05078607292781299
andaman-&-nicobar-islands,2018,3,Realme,603,0.04963371470902955
andaman-&-nicobar-islands,2018,3,Motorola,390,0.03210140752325294
andaman-&-nicobar-islands,2018,3,Apple,371,0.03053749279776113
andaman-&-nicobar-islands,2018,3,Huawei,314,0.0258457486212857
andaman-&-nicobar-islands,2018,3,Lenovo,299,0.024611079101160588
andaman-&-nicobar-islands,2018,3,Others,1145,0.09424644003621697
andaman-&-nicobar-islands,2018,4,Xiaomi,3719,0.24431743529102615
andaman-&-nicobar-islands,2018,4,Samsung,2936,0.19287872815661541
andaman-&-nicobar-islands,2018,4,Vivo,2742,0.1801340165549862
andaman-&-nicobar-islands,2018,4,Oppo,1268,0.08330048613848377
andaman-&-nicobar-islands,2018,4,Realme,760,0.04992773617133097
andaman-&-nicobar-islands,2018,4,OnePlus,721,0.0473656549730653
andaman-&-nicobar-islands,2018,4,Motorola,474,0.031139140717382736
andaman-&-nicobar-islands,2018,4,Apple,455,0.02989094731309946
andaman-&-nicobar-islands,2018,4,Huawei,398,0.02614636710024964
andaman-&-nicobar-islands,2018,4,Lenovo,377,0.024766784916568124
andaman-&-nicobar-islands,2018,4,Others,1372,0.09013270266719223
andaman-&-nicobar-islands,2019,1,Xiaomi,4576,0.24607442460744247
andaman-&-nicobar-islands,2019,1,Samsung,3567,0.19181544418154442
andaman-&-nicobar-islands,2019,1,Vivo,3420,0.18391051839105185
andaman-&-nicobar-islands,2019,1,Oppo,1600,0.08604000860400086
andaman-&-nicobar-islands,2019,1,Realme,897,0.04823617982361798
andaman-&-nicobar-islands,2019,1,OnePlus,855,0.04597762959776296
andaman-&-nicobar-islands,2019,1,Motorola,561,0.0301677780167778
andaman-&-nicobar-islands,2019,1,Apple,515,0.027694127769412775
andaman-&-nicobar-islands,2019,1,Huawei,515,0.027694127769412775
andaman-&-nicobar-islands,2019,1,Lenovo,426,0.02290815229081523
andaman-&-nicobar-islands,2019,1,Others,1664,0.0894816089481609
andaman-&-nicobar-islands,2019,2,Xiaomi,5296,0.24370714647278083
andaman-&-nicobar-islands,2019,2,Samsung,4165,0.19166168146886936
andaman-&-nicobar-islands,2019,2,Vivo,4102,0.18876259721135705
andaman-&-nicobar-islands,2019,2,Oppo,1905,0.08766278588191984
andaman-&-nicobar-islands,2019,2,Realme,1012,0.04656941696194377
andaman-&-nicobar-islands,2019,2,OnePlus,950,0.04371634991486816
andaman-&-nicobar-islands,2019,2,Huawei,644,0.029635083521236942
andaman-&-nicobar-islands,2019,2,Motorola,630,0.028990842575123098
andaman-&-nicobar-islands,2019,2,Apple,569,0.026183792738484195
andaman-&-nicobar-islands,2019,2,Lenovo,477,0.021950209378307488
andaman-&-nicobar-islands,2019,2,Others,1981,0.09116009387510929
andaman-&-nicobar-islands,2019,3,Xiaomi,5819,0.24315741088964105
andaman-&-nicobar-islands,2019,3,Vivo,4685,0.19577117546278885
andaman-&-nicobar-islands,2019,3,Samsung,4508,0.1883749112030421
andaman-&-nicobar-islands,2019,3,Oppo,2108,0.08808658225732313
andaman-&-nicobar-islands,2019,3,Realme,1158,0.04838911871630939
andaman-&-nicobar-islands,2019,3,OnePlus,1045,0.04366720989511512
andaman-&-nicobar-islands,2019,3,Huawei,725,0.030295432702352597
andaman-&-nicobar-islands,2019,3,Motorola,660,0.02757929046007271
andaman-&-nicobar-islands,2019,3,Apple,630,0.026325686348251224
andaman-&-nicobar-islands,2019,3,Lenovo,483,0.020183026200325936
andaman-&-nicobar-islands,2019,3,Others,2110,0.0881701558647779
andaman-&-nicobar-islands,2019,4,Xiaomi,6259,0.24110169491525424
andaman-&-nicobar-islands,2019,4,Vivo,5190,0.19992295839753466
andaman-&-nicobar-islands,2019,4,Samsung,4900,0.18875192604006163
andaman-&-nicobar-islands,2019,4,Oppo,2329,0.08971494607087828
andaman-&-nicobar-islands,2019,4,Realme,1329,0.051194144838212635
andaman-&-nicobar-islands,2019,4,OnePlus,1124,0.04329738058551618
andaman-&-nicobar-islands,2019,4,Huawei,798,0.03073959938366718
andaman-&-nicobar-islands,2019,4,Motorola,682,0.026271186440677965
andaman-&-nicobar-islands,2019,4,Apple,678,0.026117103235747303
andaman-&-nicobar-islands,2019,4,Lenovo,488,0.018798151001540832
andaman-&-nicobar-islands,2019,4,Others,2183,0.08409090909090909
andaman-&-nicobar-islands,2020,1,Xiaomi,6803,0.23981246474901297
andaman-&-nicobar-islands,2020,1,Vivo,5880,0.20727580372250423
andaman-&-nicobar-islands,2020,1,Samsung,5335,0.1880640157924422
andaman-&-nicobar-islands,2020,1,Oppo,2557,0.09013677382966723
andaman-&-nicobar-islands,2020,1,Realme,1511,0.05326424139875917
andaman-&-nicobar-islands,2020,1,OnePlus,1184,0.04173716864072194
andaman-&-nicobar-islands,2020,1,Huawei,891,0.03140862944162436
andaman-&-nicobar-islands,2020,1,Apple,735,0.02590947546531303
andaman-&-nicobar-islands,2020,1,Motorola,715,0.025204455724760294
andaman-&-nicobar-islands,2020,1,Lenovo,500,0.017625493513818386
andaman-&-nicobar-islands,2020,1,Others,2257,0.0795614777213762
andaman-&-nicobar-islands,2020,2,Xiaomi,7805,0.2386120452461021
andaman-&-nicobar-islands,2020,2,Vivo,7122,0.21773158055640476
andaman-&-nicobar-islands,2020,2,Samsung,6030,0.1843472944053806
andaman-&-nicobar-islands,2020,2,Oppo,2976,0.09098135126872516
andaman-&-nicobar-islands,2020,2,Realme,1761,0.053836747172118615
andaman-&-nicobar-islands,2020,2,OnePlus,1271,0.03885661877101804
andaman-&-nicobar-islands,2020,2,Huawei,1005,0.030724549067563438
andaman-&-nicobar-islands,2020,2,Apple,792,0.024212778966676857
andaman-&-nicobar-islands,2020,2,Motorola,779,0.023815346988688476
andaman-&-nicobar-islands,2020,2,Lenovo,552,0.01687557321919902
andaman-&-nicobar-islands,2020,2,Others,2617,0.0800061143381229
andaman-&-nicobar-islands,2020,3,Xiaomi,9794,0.2369420587879521
andaman-&-nicobar-islands,2020,3,Vivo,9556,0.23118422644248215
andaman-&-nicobar-islands,2020,3,Samsung,7572,0.18318616184831257
andaman-&-nicobar-islands,2020,3,Oppo,3730,0.09023829684286924
andaman-&-nicobar-islands,2020,3,Realme,2285,0.05528002903108745
andaman-&-nicobar-islands,2020,3,OnePlus,1440,0.03483730494738115
andaman-&-nicobar-islands,2020,3,Huawei,1213,0.029345590903592598
andaman-&-nicobar-islands,2020,3,Motorola,907,0.021942663602274103
andaman-&-nicobar-islands,2020,3,Apple,870,0.021047538405709446
andaman-&-nicobar-islands,2020,3,Lenovo,606,0.014660699165356235
andaman-&-nicobar-islands,2020,3,Others,3362,0.08133543002298295
andaman-&-nicobar-islands,2020,4,Xiaomi,12398,0.23662111611573403
andaman-&-nicobar-islands,2020,4,Vivo,12275,0.23427360867241775
andaman-&-nicobar-islands,2020,4,Samsung,9938,0.18967096724940835
andaman-&-nicobar-islands,2020,4,Oppo,4723,0.0901404687380716
andaman-&-nicobar-islands,2020,4,Realme,2996,0.05717993739980151
andaman-&-nicobar-islands,2020,4,OnePlus,1638,0.031261928391480266
andaman-&-nicobar-islands,2020,4,Huawei,1472,0.028093747614321703
andaman-&-nicobar-islands,2020,4,Motorola,1032,0.019696160012214674
andaman-&-nicobar-islands,2020,4,Apple,973,0.018570119856477593
andaman-&-nicobar-islands,2020,4,Lenovo,708,0.01351248186884495
andaman-&-nicobar-islands,2020,4,Others,4243,0.08097946408122758
andaman-&-nicobar-islands,2021,1,Vivo,13812,0.23913570414488036
andaman-&-nicobar-islands,2021,1,Xiaomi,13714,0.2374389694934035
andaman-&-nicobar-islands,2021,1,Samsung,10861,0.18804321479275599
andaman-&-nicobar-islands,2021,1,Oppo,5158,0.08930364624813879
andaman-&-nicobar-islands,2021,1,Realme,3419,0.05919526299387098
andaman-&-nicobar-islands,2021,1,OnePlus,1773,0.030697046296616917
andaman-&-nicobar-islands,2021,1,Huawei,1575,0.027268949755877972
andaman-&-nicobar-islands,2021,1,Motorola,1062,0.018387063263963433
andaman-&-nicobar-islands,2021,1,Apple,1056,0.018283181550607708
andaman-&-nicobar-islands,2021,1,Tecno,796,0.013781640638526264
andaman-&-nicobar-islands,2021,1,Others,4532,0.07846532082135808
andaman-&-nicobar-islands,2021,2,Vivo,15056,0.2424671873741847
andaman-&-nicobar-islands,2021,2,Xiaomi,14788,0.2381512199049843
andaman-&-nicobar-islands,2021,2,Samsung,11476,0.18481359207665674
andaman-&-nicobar-islands,2021,2,Oppo,5456,0.0878653675819309
andaman-&-nicobar-islands,2021,2,Realme,4034,0.06496497302520332
andaman-&-nicobar-islands,2021,2,OnePlus,1981,0.031902729688380704
andaman-&-nicobar-islands,2021,2,Huawei,1559,0.025106691360012885
andaman-&-nicobar-islands,2021,2,Apple,1153,0.018568322731298815
andaman-&-nicobar-islands,2021,2,Motorola,1054,0.0169739914646912
andaman-&-nicobar-islands,2021,2,Tecno,974,0.015685642966422417
andaman-&-nicobar-islands,2021,2,Others,4564,0.073500281826234
andaman-&-nicobar-islands,2021,3,Vivo,16411,0.24500612104744557
andaman-&-nicobar-islands,2021,3,Xiaomi,15938,0.2379445224090054
andaman-&-nicobar-islands,2021,3,Samsung,12028,0.17957063091576841
andaman-&-nicobar-islands,2021,3,Oppo,5853,0.0873816846316921
andaman-&-nicobar-islands,2021,3,Realme,4808,0.0717804783374638
andaman-&-nicobar-islands,2021,3,OnePlus,2306,0.03442715953539757
andaman-&-nicobar-islands,2021,3,Huawei,1567,0.023394344749335643
andaman-&-nicobar-islands,2021,3,Apple,1283,0.01915439968946881
andaman-&-nicobar-islands,2021,3,Tecno,1178,0.017586814368039175
andaman-&-nicobar-islands,2021,3,Motorola,1017,0.015183183541847063
andaman-&-nicobar-islands,2021,3,Others,4593,0.06857066077453644
andaman-&-nicobar-islands,2021,4,Vivo,17597,0.24515185288381164
andaman-&-nicobar-islands,2021,4,Xiaomi,16968,0.2363889662858735
andaman-&-nicobar-islands,2021,4,Samsung,12574,0.17517414321538033
andaman-&-nicobar-islands,2021,4,Oppo,6127,0.08535803845082196
andaman-&-nicobar-islands,2021,4,Realme,5830,0.08122039565338535
andaman-&-nicobar-islands,2021,4,OnePlus,2691,0.03748955140707718
andaman-&-nicobar-islands,2021,4,Apple,1490,0.020757871273335192
andaman-&-nicobar-islands,2021,4,Huawei,1459,0.020325996099191977
andaman-&-nicobar-islands,2021,4,Tecno,1417,0.01974087489551407
andaman-&-nicobar-islands,2021,4,Motorola,1055,0.014697687378099749
andaman-&-nicobar-islands,2021,4,Others,4572,0.06369462245750905
andaman-&-nicobar-islands,2022,1,Vivo,18688,0.24496644295302014
andaman-&-nicobar-islands,2022,1,Xiaomi,17957,0.23538433305369127
andaman-&-nicobar-islands,2022,1,Samsung,12955,0.16981700922818793
andaman-&-nicobar-islands,2022,1,Realme,6769,0.08872955117449664
andaman-&-nicobar-islands,2022,1,Oppo,6461,0.08469221895973154
andaman-&-nicobar-islands,2022,1,OnePlus,3005,0.039390205536912755
andaman-&-nicobar-islands,2022,1,Tecno,1770,0.02320155201342282
andaman-&-nicobar-islands,2022,1,Apple,1634,0.02141883389261745
andaman-&-nicobar-islands,2022,1,Huawei,1441,0.018888947147651006
andaman-&-nicobar-islands,2022,1,Motorola,1050,0.01376363255033557
andaman-&-nicobar-islands,2022,1,Others,4558,0.05974727348993288
andhra-pradesh,2018,1,Xiaomi,836581,0.25073985823255257
andhra-pradesh,2018,1,Samsung,683687,0.20491450493788307
andhra-pradesh,2018,1,Vivo,425959,0.1276683301113459
andhra-pradesh,2018,1,Oppo,304487,0.09126077117894768
andhra-pradesh,2018,1,Realme,236646,0.07092748280357865
andhra-pradesh,2018,1,Motorola,129739,0.03888534220503829
andhra-pradesh,2018,1,OnePlus,129421,0.03879003132071513
andhra-pradesh,2018,1,Apple,123274,0.03694765394356277
andhra-pradesh,2018,1,Lenovo,84138,0.025217821337049858
andhra-pradesh,2018,1,Huawei,76654,0.0229747186380734
andhra-pradesh,2018,1,Others,305864,0.09167348529125267
andhra-pradesh,2018,2,Xiaomi,1113800,0.25299031922481113
andhra-pradesh,2018,2,Samsung,903290,0.20517474003643352
andhra-pradesh,2018,2,Vivo,586965,0.13332417195528037
andhra-pradesh,2018,2,Oppo,410549,0.0932527586347881
andhra-pradesh,2018,2,Realme,305964,0.06949715391569412
andhra-pradesh,2018,2,Motorola,169847,0.03857932011974905
andhra-pradesh,2018,2,OnePlus,155418,0.035301893906699314
andhra-pradesh,2018,2,Apple,151847,0.03449077123660432
andhra-pradesh,2018,2,Lenovo,107441,0.024404321141886273
andhra-pradesh,2018,2,Huawei,102929,0.023379458221844663
andhra-pradesh,2018,2,Others,394490,0.08960509160620914
andhra-pradesh,2018,3,Xiaomi,1385112,0.25519707820209125
andhra-pradesh,2018,3,Samsung,1103186,0.2032542089834268
andhra-pradesh,2018,3,Vivo,761793,0.1403549660928544
andhra-pradesh,2018,3,Oppo,518120,0.09545994125967253
andhra-pradesh,2018,3,Realme,379712,0.06995924730871762
andhra-pradesh,2018,3,Motorola,203756,0.0375406002302668
andhra-pradesh,2018,3,OnePlus,181364,0.03341503278510624
andhra-pradesh,2018,3,Apple,175343,0.03230570616902408
andhra-pradesh,2018,3,Huawei,134429,0.02476759137573635
andhra-pradesh,2018,3,Lenovo,122489,0.0225677309213233
andhra-pradesh,2018,3,Others,462313,0.08517789667178063
andhra-pradesh,2018,4,Xiaomi,1753802,0.2557528652585838
andhra-pradesh,2018,4,Samsung,1388061,0.20241770616277957
andhra-pradesh,2018,4,Vivo,1011185,0.1474587559237024
andhra-pradesh,2018,4,Oppo,675093,0.09844724151643865
andhra-pradesh,2018,4,Realme,476746,0.06952275998121156
andhra-pradesh,2018,4,Motorola,250601,0.03654456078090136
andhra-pradesh,2018,4,OnePlus,210161,0.030647289668736397
andhra-pradesh,2018,4,Apple,209737,0.030585458735216172
andhra-pradesh,2018,4,Huawei,176237,0.025700231676424726
andhra-pradesh,2018,4,Lenovo,149583,0.021813340869707494
andhra-pradesh,2018,4,Others,556203,0.08110978942629789
andhra-pradesh,2019,1,Xiaomi,2110547,0.2548040756637163
andhra-pradesh,2019,1,Samsung,1688342,0.2038317188455079
andhra-pradesh,2019,1,Vivo,1262871,0.15246506135021543
andhra-pradesh,2019,1,Oppo,835541,0.10087396877877498
andhra-pradesh,2019,1,Realme,564832,0.06819156155503205
andhra-pradesh,2019,1,Motorola,291830,0.03523232290062355
andhra-pradesh,2019,1,Apple,241108,0.02910871024200234
andhra-pradesh,2019,1,OnePlus,237269,0.028645231889483775
andhra-pradesh,2019,1,Huawei,220082,0.026570263813230417
andhra-pradesh,2019,1,Lenovo,171471,0.020701509920477063
andhra-pradesh,2019,1,Others,659126,0.07957557504093617
andhra-pradesh,2019,2,Xiaomi,2389374,0.25448644547243193
andhra-pradesh,2019,2,Samsung,1914378,0.20389577040288517
andhra-pradesh,2019,2,Vivo,1466695,0.15621413690037164
andhra-pradesh,2019,2,Oppo,963352,0.10260429142476576
andhra-pradesh,2019,2,Realme,641519,0.0683266370241867
andhra-pradesh,2019,2,Motorola,324778,0.03459131922739827
andhra-pradesh,2019,2,Apple,264860,0.028209597973288536
andhra-pradesh,2019,2,OnePlus,254273,0.027082002210458343
andhra-pradesh,2019,2,Huawei,250859,0.026718385328026843
andhra-pradesh,2019,2,Lenovo,189151,0.020146015503456544
andhra-pradesh,2019,2,Others,729764,0.07772539853273026
andhra-pradesh,2019,3,Xiaomi,2656468,0.2539961733268201
andhra-pradesh,2019,3,Samsung,2123659,0.20305204483963724
andhra-pradesh,2019,3,Vivo,1674109,0.16006866249922433
andhra-pradesh,2019,3,Oppo,1087660,0.10399578608914135
andhra-pradesh,2019,3,Realme,727964,0.0696037258192778
andhra-pradesh,2019,3,Motorola,348910,0.03336076505926697
andhra-pradesh,2019,3,Apple,286412,0.02738506618370001
andhra-pradesh,2019,3,Huawei,282587,0.02701934170933213
andhra-pradesh,2019,3,OnePlus,271100,0.02592102091532852
andhra-pradesh,2019,3,Lenovo,194180,0.018566373446471753
andhra-pradesh,2019,3,Others,805644,0.07703104011179981
andhra-pradesh,2019,4,Xiaomi,2985953,0.25395328393725297
andhra-pradesh,2019,4,Samsung,2379139,0.20234416348589282
andhra-pradesh,2019,4,Vivo,1922141,0.1634767925484545
andhra-pradesh,2019,4,Oppo,1241235,0.10556619758846043
andhra-pradesh,2019,4,Realme,844668,0.07183844234544604
andhra-pradesh,2019,4,Motorola,381692,0.03246264654955318
andhra-pradesh,2019,4,Huawei,317290,0.026985299989802584
andhra-pradesh,2019,4,Apple,308354,0.026225299231162617
andhra-pradesh,2019,4,OnePlus,286412,0.0243591469654869
andhra-pradesh,2019,4,Lenovo,208785,0.01775702309675985
andhra-pradesh,2019,4,Others,882214,0.07503170426172807
andhra-pradesh,2020,1,Xiaomi,3307542,0.25399529721104036
andhra-pradesh,2020,1,Samsung,2622762,0.20140914724705614
andhra-pradesh,2020,1,Vivo,2165012,0.16625725883615955
andhra-pradesh,2020,1,Oppo,1387060,0.10651617332434346
andhra-pradesh,2020,1,Realme,960418,0.0737531542628432
andhra-pradesh,2020,1,Motorola,411062,0.0315665877748989
andhra-pradesh,2020,1,Huawei,348324,0.026748763252511507
andhra-pradesh,2020,1,Apple,329329,0.02529008467170325
andhra-pradesh,2020,1,OnePlus,298911,0.022954202330506848
andhra-pradesh,2020,1,Lenovo,227154,0.017443783856010493
andhra-pradesh,2020,1,Others,964486,0.07406554723292628
andhra-pradesh,2020,2,Xiaomi,3635594,0.25388802469329785
andhra-pradesh,2020,2,Samsung,2888149,0.2016909601649479
andhra-pradesh,2020,2,Vivo,2409399,0.16825793881495216
andhra-pradesh,2020,2,Oppo,1535129,0.1072041788657913
andhra-pradesh,2020,2,Realme,1072165,0.07487355683700922
andhra-pradesh,2020,2,Motorola,445380,0.031102661198665473
andhra-pradesh,2020,2,Huawei,379220,0.026482444608554315
andhra-pradesh,2020,2,Apple,348938,0.024367731809555735
andhra-pradesh,2020,2,OnePlus,309208,0.0215932274999258
andhra-pradesh,2020,2,Lenovo,243288,0.01698977106673161
andhra-pradesh,2020,2,Others,1053205,0.07354950444056865
andhra-pradesh,2020,3,Xiaomi,3978789,0.25354870716120315
andhra-pradesh,2020,3,Samsung,3154020,0.2009902242517957
andhra-pradesh,2020,3,Vivo,2687996,0.17129280056180043
andhra-pradesh,2020,3,Oppo,1695723,0.10806010933314555
andhra-pradesh,2020,3,Realme,1207622,0.07695582671999607
andhra-pradesh,2020,3,Motorola,477313,0.03041681628787939
andhra-pradesh,2020,3,Huawei,408520,0.026032975824929323
andhra-pradesh,2020,3,Apple,370327,0.023599123270142467
andhra-pradesh,2020,3,OnePlus,322028,0.020521264904901446
andhra-pradesh,2020,3,Lenovo,260912,0.01662664199655821
andhra-pradesh,2020,3,Others,1129155,0.07195550968764826
andhra-pradesh,2020,4,Xiaomi,4325662,0.2533098430509883
andhra-pradesh,2020,4,Samsung,3419866,0.20026662270778695
andhra-pradesh,2020,4,Vivo,2950572,0.1727848662772636
andhra-pradesh,2020,4,Oppo,1856052,0.10869000879275194
andhra-pradesh,2020,4,Realme,1361491,0.07972862223755187
andhra-pradesh,2020,4,Motorola,506158,0.02964050439886476
andhra-pradesh,2020,4,Huawei,437125,0.025597946659647302
andhra-pradesh,2020,4,Apple,394191,0.02308374078744759
andhra-pradesh,2020,4,OnePlus,336518,0.019706422222502008
andhra-pradesh,2020,4,Lenovo,276671,0.016201794681775874
andhra-pradesh,2020,4,Others,1212259,0.07098962818341979
andhra-pradesh,2021,1,Xiaomi,4644641,0.2529246640647629
andhra-pradesh,2021,1,Samsung,3635596,0.19797695817075972
andhra-pradesh,2021,1,Vivo,3245151,0.17671521362241543
andhra-pradesh,2021,1,Oppo,2010506,0.10948242386229423
andhra-pradesh,2021,1,Realme,1531645,0.0834059719774841
andhra-pradesh,2021,1,Motorola,518115,0.028214034695451085
andhra-pradesh,2021,1,Huawei,455604,0.024809988252388553
andhra-pradesh,2021,1,Apple,421002,0.022925730841327305
andhra-pradesh,2021,1,OnePlus,355922,0.019381789094842537
andhra-pradesh,2021,1,Lenovo,277980,0.015137445093543889
andhra-pradesh,2021,1,Others,1267571,0.06902578032473027
andhra-pradesh,2021,2,Xiaomi,4937684,0.25165424326757607
andhra-pradesh,2021,2,Samsung,3798250,0.19358179451967175
andhra-pradesh,2021,2,Vivo,3572140,0.18205786124544204
andhra-pradesh,2021,2,Oppo,2173037,0.11075110959458802
andhra-pradesh,2021,2,Realme,1817804,0.09264628721254192
andhra-pradesh,2021,2,Motorola,503072,0.0256395920575529
andhra-pradesh,2021,2,Apple,450689,0.022969837527881613
andhra-pradesh,2021,2,Huawei,440324,0.022441574432983596
andhra-pradesh,2021,2,OnePlus,394851,0.020123995299910987
andhra-pradesh,2021,2,Lenovo,261201,0.013312382889576195
andhra-pradesh,2021,2,Others,1271853,0.06482132195227489
andhra-pradesh,2021,3,Xiaomi,5256707,0.249607429247758
andhra-pradesh,2021,3,Vivo,3981492,0.18905561650868394
andhra-pradesh,2021,3,Samsung,3911188,0.18571732873540034
andhra-pradesh,2021,3,Oppo,2382363,0.11312319746277974
andhra-pradesh,2021,3,Realme,2134616,0.10135927533932025
andhra-pradesh,2021,3,Motorola,486971,0.023123141432118997
andhra-pradesh,2021,3,Apple,480993,0.022839284406790575
andhra-pradesh,2021,3,OnePlus,459011,0.021795499674309913
andhra-pradesh,2021,3,Huawei,435214,0.020665532188237568
andhra-pradesh,2021,3,Lenovo,245241,0.011644928194808921
andhra-pradesh,2021,3,Others,1286102,0.061068766809791765
andhra-pradesh,2021,4,Xiaomi,5518238,0.24537466690980744
andhra-pradesh,2021,4,Vivo,4381023,0.19480712128567224
andhra-pradesh,2021,4,Samsung,4017419,0.17863905996119264
andhra-pradesh,2021,4,Oppo,2580845,0.1147601792856419
andhra-pradesh,2021,4,Realme,2528884,0.11244967490592858
andhra-pradesh,2021,4,Apple,544986,0.024233416213745824
andhra-pradesh,2021,4,OnePlus,525373,0.023361302082006298
andhra-pradesh,2021,4,Motorola,474422,0.02109570848968179
andhra-pradesh,2021,4,Huawei,409934,0.01822817694796872
andhra-pradesh,2021,4,Lenovo,224391,0.009977798507885778
andhra-pradesh,2021,4,Others,1283514,0.05707289541046881
andhra-pradesh,2022,1,Xiaomi,5743382,0.24073240824411116
andhra-pradesh,2022,1,Vivo,4772765,0.20004924144575534
andhra-pradesh,2022,1,Samsung,4124296,0.17286882683261443
andhra-pradesh,2022,1,Realme,2864092,0.12004769395326531
andhra-pradesh,2022,1,Oppo,2780974,0.11656382394280212
andhra-pradesh,2022,1,Apple,594003,0.024897485957616393
andhra-pradesh,2022,1,OnePlus,580737,0.024341444912851066
andhra-pradesh,2022,1,Motorola,463652,0.019433856662711732
andhra-pradesh,2022,1,Huawei,401477,0.0168278072161352
andhra-pradesh,2022,1,Lenovo,222586,0.009329636061370064
andhra-pradesh,2022,1,Others,1309987,0.0549077747707672
arunachal-pradesh,2018,1,Xiaomi,5212,0.24247499418469412
arunachal-pradesh,2018,1,Samsung,4354,0.2025587345894394
arunachal-pradesh,2018,1,Vivo,3523,0.16389858106536404
arunachal-pradesh,2018,1,Oppo,2608,0.12133054198650849
arunachal-pradesh,2018,1,Realme,1297,0.06033961386368923
arunachal-pradesh,2018,1,Apple,628,0.029216096766689927
arunachal-pradesh,2018,1,Gionee,563,0.02619213770644336
arunachal-pradesh,2018,1,Lenovo,420,0.019539427773900907
arunachal-pradesh,2018,1,OnePlus,403,0.018748546173528727
arunachal-pradesh,2018,1,Motorola,343,0.015957199348685742
arunachal-pradesh,2018,1,Others,2144,0.09974412654105606
arunachal-pradesh,2018,2,Xiaomi,8058,0.24505063406623484
arunachal-pradesh,2018,2,Samsung,6633,0.20171517197336009
arunachal-pradesh,2018,2,Vivo,5591,0.17002706565702644
arunachal-pradesh,2018,2,Oppo,4204,0.12784721588662834
arunachal-pradesh,2018,2,Realme,1943,0.0590882826992671
arunachal-pradesh,2018,2,Apple,869,0.026427029164005716
arunachal-pradesh,2018,2,Gionee,730,0.022199920931788464
arunachal-pradesh,2018,2,Lenovo,581,0.017668704193656296
arunachal-pradesh,2018,2,OnePlus,554,0.01684761122768604
arunachal-pradesh,2018,2,Motorola,514,0.015631177204026396
arunachal-pradesh,2018,2,Others,3206,0.09749718699632029
arunachal-pradesh,2018,3,Xiaomi,11250,0.24498061931100562
arunachal-pradesh,2018,3,Samsung,9307,0.20266974434911372
arunachal-pradesh,2018,3,Vivo,8226,0.1791298288402073
arunachal-pradesh,2018,3,Oppo,5992,0.13048212185880406
arunachal-pradesh,2018,3,Realme,2676,0.05827272331344454
arunachal-pradesh,2018,3,Apple,1153,0.02510779147249684
arunachal-pradesh,2018,3,Gionee,1024,0.02229868037106398
arunachal-pradesh,2018,3,OnePlus,740,0.016114280736901705
arunachal-pradesh,2018,3,Motorola,722,0.015722311746004095
arunachal-pradesh,2018,3,Lenovo,629,0.013697138626366448
arunachal-pradesh,2018,3,Others,4203,0.0915247593745917
arunachal-pradesh,2018,4,Xiaomi,15097,0.24408264890383496
arunachal-pradesh,2018,4,Samsung,12580,0.20338873439824096
arunachal-pradesh,2018,4,Vivo,11624,0.18793248399405033
arunachal-pradesh,2018,4,Oppo,8328,0.13464398887667334
arunachal-pradesh,2018,4,Realme,3613,0.0584136325421975
arunachal-pradesh,2018,4,Apple,1517,0.02452628855978788
arunachal-pradesh,2018,4,Gionee,1188,0.01920713962361767
arunachal-pradesh,2018,4,Motorola,944,0.015262238892840976
arunachal-pradesh,2018,4,OnePlus,896,0.014486192847442281
arunachal-pradesh,2018,4,Lenovo,831,0.013435297160964884
arunachal-pradesh,2018,4,Others,5234,0.08462135420034922
arunachal-pradesh,2019,1,Xiaomi,18809,0.24440921553594866
arunachal-pradesh,2019,1,Samsung,15537,0.20189196564315137
arunachal-pradesh,2019,1,Vivo,14892,0.19351066179814702
arunachal-pradesh,2019,1,Oppo,10738,0.13953246618241355
arunachal-pradesh,2019,1,Realme,4413,0.05734371142326234
arunachal-pradesh,2019,1,Apple,1870,0.024299284015749056
arunachal-pradesh,2019,1,Gionee,1310,0.01702249308055148
arunachal-pradesh,2019,1,Motorola,1137,0.01477448445235651
arunachal-pradesh,2019,1,OnePlus,1114,0.014475616253232324
arunachal-pradesh,2019,1,Huawei,972,0.012630429980378654
arunachal-pradesh,2019,1,Others,6165,0.08010967163480905
arunachal-pradesh,2019,2,Xiaomi,23326,0.24327058455441414
arunachal-pradesh,2019,2,Samsung,19719,0.2056526046826928
arunachal-pradesh,2019,2,Vivo,18958,0.1977160139750743
arunachal-pradesh,2019,2,Oppo,13678,0.14265004953850968
arunachal-pradesh,2019,2,Realme,5425,0.05657819262658393
arunachal-pradesh,2019,2,Apple,2169,0.022620847890702404
arunachal-pradesh,2019,2,Gionee,1608,0.016770089169317413
arunachal-pradesh,2019,2,Motorola,1404,0.014642540543359232
arunachal-pradesh,2019,2,OnePlus,1251,0.013046879073890598
arunachal-pradesh,2019,2,Huawei,1175,0.012254262919121866
arunachal-pradesh,2019,2,Others,7172,0.07479793502633363
arunachal-pradesh,2019,3,Xiaomi,27394,0.24426432692221955
arunachal-pradesh,2019,3,Vivo,22731,0.2026857127571356
arunachal-pradesh,2019,3,Samsung,22720,0.20258762895790422
arunachal-pradesh,2019,3,Oppo,16262,0.14500352210006331
arunachal-pradesh,2019,3,Realme,6477,0.057753524329240566
arunachal-pradesh,2019,3,Apple,2509,0.022372022933775604
arunachal-pradesh,2019,3,Gionee,1800,0.01605007623786213
arunachal-pradesh,2019,3,Motorola,1561,0.01391898278183488
arunachal-pradesh,2019,3,OnePlus,1390,0.012394225539237977
arunachal-pradesh,2019,3,Huawei,1377,0.01227830832196453
arunachal-pradesh,2019,3,Others,7928,0.07069166911876165
arunachal-pradesh,2019,4,Xiaomi,31369,0.242566945816998
arunachal-pradesh,2019,4,Vivo,26787,0.20713573201568192
arunachal-pradesh,2019,4,Samsung,26087,0.20172284470426305
arunachal-pradesh,2019,4,Oppo,19208,0.14852962782533385
arunachal-pradesh,2019,4,Realme,7743,0.0598742663604519
arunachal-pradesh,2019,4,Apple,2811,0.02173660890342636
arunachal-pradesh,2019,4,Gionee,1983,0.015333936483633749
arunachal-pradesh,2019,4,Motorola,1637,0.012658423612560992
arunachal-pradesh,2019,4,Huawei,1581,0.012225392627647482
arunachal-pradesh,2019,4,OnePlus,1535,0.011869688604325671
arunachal-pradesh,2019,4,Others,8580,0.06634653304567703
arunachal-pradesh,2020,1,Xiaomi,35625,0.23898809923121303
arunachal-pradesh,2020,1,Vivo,31742,0.21293923496974496
arunachal-pradesh,2020,1,Samsung,29807,0.19995840768518644
arunachal-pradesh,2020,1,Oppo,22566,0.15138260904565762
arunachal-pradesh,2020,1,Realme,9351,0.06273060255188977
arunachal-pradesh,2020,1,Apple,3135,0.021030952732346744
arunachal-pradesh,2020,1,Gionee,2068,0.01387304952168838
arunachal-pradesh,2020,1,Huawei,1768,0.011860518159741323
arunachal-pradesh,2020,1,Motorola,1742,0.011686098775039244
arunachal-pradesh,2020,1,OnePlus,1696,0.01137751063287403
arunachal-pradesh,2020,1,Others,9566,0.06417291669461848
arunachal-pradesh,2020,2,Xiaomi,41662,0.234670541980691
arunachal-pradesh,2020,2,Vivo,39089,0.22017754345646467
arunachal-pradesh,2020,2,Samsung,34984,0.19705521195939932
arunachal-pradesh,2020,2,Oppo,27629,0.15562652787635045
arunachal-pradesh,2020,2,Realme,11596,0.06531706602678923
arunachal-pradesh,2020,2,Apple,3398,0.019139995719129856
arunachal-pradesh,2020,2,Gionee,2355,0.013265064719997296
arunachal-pradesh,2020,2,Huawei,2019,0.01137246949880023
arunachal-pradesh,2020,2,Motorola,1873,0.010550091813399123
arunachal-pradesh,2020,2,OnePlus,1809,0.010189597485552064
arunachal-pradesh,2020,2,Others,11120,0.06263588946342673
arunachal-pradesh,2020,3,Xiaomi,47870,0.23232676198518779
arunachal-pradesh,2020,3,Vivo,46799,0.22712889354804267
arunachal-pradesh,2020,3,Samsung,40403,0.19608728148083437
arunachal-pradesh,2020,3,Oppo,32287,0.15669801888898596
arunachal-pradesh,2020,3,Realme,13982,0.06785863350902226
arunachal-pradesh,2020,3,Apple,3738,0.01814158003552605
arunachal-pradesh,2020,3,Gionee,2514,0.012201158964503071
arunachal-pradesh,2020,3,Huawei,2276,0.011046077089581939
arunachal-pradesh,2020,3,Motorola,1997,0.00969201052192229
arunachal-pradesh,2020,3,OnePlus,1965,0.009536705395882472
arunachal-pradesh,2020,3,Others,12215,0.05928287858051115
arunachal-pradesh,2020,4,Vivo,53198,0.23000363177282396
arunachal-pradesh,2020,4,Xiaomi,53097,0.2295669543261332
arunachal-pradesh,2020,4,Samsung,45317,0.195929820313716
arunachal-pradesh,2020,4,Oppo,36466,0.15766217595074625
arunachal-pradesh,2020,4,Realme,16419,0.07098818809124396
arunachal-pradesh,2020,4,Apple,4188,0.01810698165090016
arunachal-pradesh,2020,4,Gionee,2611,0.01128876052781765
arunachal-pradesh,2020,4,Huawei,2424,0.010480258720578317
arunachal-pradesh,2020,4,Motorola,2149,0.00929128547463812
arunachal-pradesh,2020,4,OnePlus,2141,0.00925669716202895
arunachal-pradesh,2020,4,Others,13282,0.05742524600937343
arunachal-pradesh,2021,1,Vivo,58748,0.23383219232606273
arunachal-pradesh,2021,1,Xiaomi,57405,0.2284867059385448
arunachal-pradesh,2021,1,Samsung,48405,0.19266438465212546
arunachal-pradesh,2021,1,Oppo,39602,0.1576261741760866
arunachal-pradesh,2021,1,Realme,18658,0.07426365228466805
arunachal-pradesh,2021,1,Apple,4560,0.018149976118452475
arunachal-pradesh,2021,1,Gionee,2611,0.010392453430982327
arunachal-pradesh,2021,1,Huawei,2526,0.0100541315077217
arunachal-pradesh,2021,1,OnePlus,2342,0.00932176405031046
arunachal-pradesh,2021,1,Motorola,2224,0.008852093615666296
arunachal-pradesh,2021,1,Others,14159,0.056356471899379076
arunachal-pradesh,2021,2,Vivo,63439,0.2344625460136304
arunachal-pradesh,2021,2,Xiaomi,61629,0.22777301420693938
arunachal-pradesh,2021,2,Samsung,51110,0.18889611637567819
arunachal-pradesh,2021,2,Oppo,42407,0.15673092559466612
arunachal-pradesh,2021,2,Realme,22481,0.08308694173824342
arunachal-pradesh,2021,2,Apple,5062,0.018708513815176738
arunachal-pradesh,2021,2,OnePlus,2622,0.009690581434886093
arunachal-pradesh,2021,2,Gionee,2510,0.009276643555135047
arunachal-pradesh,2021,2,Huawei,2408,0.008899664414647488
arunachal-pradesh,2021,2,Motorola,2229,0.008238102981831084
arunachal-pradesh,2021,2,Others,14675,0.054236949869166065
arunachal-pradesh,2021,3,Vivo,69301,0.23646327024324998
arunachal-pradesh,2021,3,Xiaomi,66832,0.22803874802523602
arunachal-pradesh,2021,3,Samsung,52621,0.17954912257355676
arunachal-pradesh,2021,3,Oppo,46021,0.15702913608554867
arunachal-pradesh,2021,3,Realme,26567,0.09064976985256233
arunachal-pradesh,2021,3,Apple,5574,0.019019152224872302
arunachal-pradesh,2021,3,OnePlus,3208,0.01094607828083788
arunachal-pradesh,2021,3,Gionee,2629,0.008970461284389896
arunachal-pradesh,2021,3,Huawei,2593,0.008847624994455306
arunachal-pradesh,2021,3,Motorola,2253,0.007687504478406404
arunachal-pradesh,2021,3,Others,15474,0.05279913195688446
arunachal-pradesh,2021,4,Vivo,74157,0.23546090733590733
arunachal-pradesh,2021,4,Xiaomi,72002,0.22861842105263158
arunachal-pradesh,2021,4,Samsung,54367,0.17262433956512904
arunachal-pradesh,2021,4,Oppo,48973,0.1554974852672221
arunachal-pradesh,2021,4,Realme,31777,0.10089730237756553
arunachal-pradesh,2021,4,Apple,6342,0.02013691322901849
arunachal-pradesh,2021,4,OnePlus,3900,0.01238315383052225
arunachal-pradesh,2021,4,Gionee,2500,0.007937919122129648
arunachal-pradesh,2021,4,Huawei,2496,0.007925218451534242
arunachal-pradesh,2021,4,Motorola,2316,0.007353688274740906
arunachal-pradesh,2021,4,Others,16114,0.05116465149359886
arunachal-pradesh,2022,1,Vivo,78763,0.2348757525966261
arunachal-pradesh,2022,1,Xiaomi,75927,0.2264186390488431
arunachal-pradesh,2022,1,Samsung,56027,0.16707570548012607
arunachal-pradesh,2022,1,Oppo,52153,0.1555232168044874
arunachal-pradesh,2022,1,Realme,36430,0.10863633517127444
arunachal-pradesh,2022,1,Apple,7110,0.021202425008722516
arunachal-pradesh,2022,1,OnePlus,4423,0.01318963794846409
arunachal-pradesh,2022,1,Huawei,2515,0.007499873262579062
arunachal-pradesh,2022,1,Gionee,2482,0.007401465382791742
arunachal-pradesh,2022,1,Infinix,2358,0.00703169031934848
arunachal-pradesh,2022,1,Others,17151,0.051145258976736975
assam,2018,1,Xiaomi,101793,0.264234743807059
assam,2018,1,Samsung,61603,0.15990935450125507
assam,2018,1,Vivo,50781,0.13181755646524088
assam,2018,1,Oppo,40778,0.10585172244618248
assam,2018,1,Realme,26387,0.06849549757681635
assam,2018,1,Lenovo,9294,0.02412540851475845
assam,2018,1,Gionee,9094,0.02360624758265691
assam,2018,1,Motorola,8922,0.02315976918104959
assam,2018,1,Apple,8319,0.021594498970763452
assam,2018,1,Asus,7905,0.02051983584131327
assam,2018,1,Others,60361,0.1566853651129045
assam,2018,2,Xiaomi,152839,0.26764743996105395
assam,2018,2,Samsung,89734,0.15713970503251928
assam,2018,2,Vivo,80455,0.1408905762407932
assam,2018,2,Oppo,62688,0.10977749603359449
assam,2018,2,Realme,38933,0.06817839543574424
assam,2018,2,Lenovo,13092,0.022926349190783228
assam,2018,2,Motorola,12862,0.022523579536499687
assam,2018,2,Gionee,12545,0.021968457882552368
assam,2018,2,Asus,11093,0.019425755543336264
assam,2018,2,Apple,11044,0.01933994809524977
assam,2018,2,Others,85761,0.15018229704787356
assam,2018,3,Xiaomi,210185,0.26781914419178343
assam,2018,3,Samsung,125434,0.159828848550335
assam,2018,3,Vivo,119540,0.1523186740094954
assam,2018,3,Oppo,88721,0.11304889640954024
assam,2018,3,Realme,53089,0.06764636175748788
assam,2018,3,Motorola,17022,0.021689547172407817
assam,2018,3,Gionee,17020,0.021686998758922632
assam,2018,3,Lenovo,15831,0.02017196694198027
assam,2018,3,Asus,14498,0.018473449354104603
assam,2018,3,Apple,13471,0.017164839029462208
assam,2018,3,Others,109991,0.14015127382448056
assam,2018,4,Xiaomi,277115,0.2666564667188211
assam,2018,4,Vivo,169404,0.16301056271957554
assam,2018,4,Samsung,167786,0.16145362728428314
assam,2018,4,Oppo,122447,0.11782575602302109
assam,2018,4,Realme,70255,0.0676035222536881
assam,2018,4,Motorola,21507,0.020695309274928048
assam,2018,4,Lenovo,20275,0.019509805902690573
assam,2018,4,Gionee,20028,0.01927212787270465
assam,2018,4,Asus,19175,0.018451320748907114
assam,2018,4,Huawei,17882,0.017207119563596194
assam,2018,4,Others,133347,0.12831438163778447
assam,2019,1,Xiaomi,334681,0.2658128720459699
assam,2019,1,Vivo,212982,0.16915617293510765
assam,2019,1,Samsung,202440,0.16078342605940027
assam,2019,1,Oppo,153803,0.12215458050886159
assam,2019,1,Realme,84813,0.067360821548982
assam,2019,1,Motorola,24528,0.019480813447860946
assam,2019,1,Gionee,23250,0.018465790633674452
assam,2019,1,Lenovo,22797,0.018106005551650605
assam,2019,1,Asus,22514,0.017881239153829963
assam,2019,1,Huawei,22249,0.017670768851983782
assam,2019,1,Others,155028,0.12312750926267885
assam,2019,2,Xiaomi,397560,0.26501738518313106
assam,2019,2,Vivo,260776,0.17383583267561167
assam,2019,2,Samsung,242964,0.1619621792273726
assam,2019,2,Oppo,188693,0.12578459971415773
assam,2019,2,Realme,100087,0.06671897331427719
assam,2019,2,Motorola,28185,0.018788396723479598
assam,2019,2,Gionee,27145,0.018095122549542438
assam,2019,2,Huawei,26683,0.017787148829966508
assam,2019,2,Asus,26345,0.017561834723436934
assam,2019,2,Lenovo,26095,0.01739518227777896
assam,2019,2,Others,175595,0.11705334478124534
assam,2019,3,Xiaomi,463729,0.2678156744091762
assam,2019,3,Vivo,309395,0.17868373680280308
assam,2019,3,Samsung,272124,0.15715875561572096
assam,2019,3,Oppo,222464,0.1284788016099122
assam,2019,3,Realme,119091,0.06877817967188424
assam,2019,3,Huawei,31407,0.01813836720621095
assam,2019,3,Gionee,30833,0.0178068671337314
assam,2019,3,Motorola,30628,0.017688474250702992
assam,2019,3,Asus,30395,0.01755391063243168
assam,2019,3,Lenovo,25713,0.014849932689314551
assam,2019,3,Others,195744,0.11304729997811175
assam,2019,4,Xiaomi,517791,0.2667348368551736
assam,2019,4,Vivo,355815,0.18329452612274755
assam,2019,4,Samsung,302655,0.15590968566159424
assam,2019,4,Oppo,254644,0.1311773008726471
assam,2019,4,Realme,140535,0.0723951947744202
assam,2019,4,Huawei,35293,0.0181808347327969
assam,2019,4,Gionee,33438,0.017225250100452293
assam,2019,4,Motorola,32828,0.01691101472270016
assam,2019,4,Asus,28977,0.014927210723153481
assam,2019,4,Lenovo,26680,0.013743934226929457
assam,2019,4,Others,212564,0.10950021120738504
assam,2020,1,Xiaomi,576697,0.26382129776782326
assam,2020,1,Vivo,410865,0.1879582129044831
assam,2020,1,Samsung,337886,0.15457254505846002
assam,2020,1,Oppo,292242,0.13369180644647743
assam,2020,1,Realme,167659,0.07669888167001992
assam,2020,1,Huawei,39212,0.01793829468173388
assam,2020,1,Motorola,34939,0.015983527437649192
assam,2020,1,Gionee,33136,0.015158709899365855
assam,2020,1,Asus,32099,0.014684314010735895
assam,2020,1,Lenovo,28782,0.013166887624443145
assam,2020,1,Others,232421,0.10632552249880829
assam,2020,2,Xiaomi,663323,0.26003662261264043
assam,2020,2,Vivo,494955,0.19403281138335235
assam,2020,2,Samsung,388754,0.15239977686158088
assam,2020,2,Oppo,346884,0.13598585274197209
assam,2020,2,Realme,204222,0.08005933631609133
assam,2020,2,Huawei,44120,0.01729597163021589
assam,2020,2,Motorola,38074,0.014925811963935625
assam,2020,2,Gionee,37873,0.014847015719654723
assam,2020,2,Asus,36040,0.014128441014346797
assam,2020,2,Lenovo,31346,0.01228829389666245
assam,2020,2,Others,265292,0.10400006585954746
assam,2020,3,Xiaomi,729048,0.2576131329524868
assam,2020,3,Vivo,564343,0.19941371252620574
assam,2020,3,Samsung,427293,0.15098633892235755
assam,2020,3,Oppo,388827,0.13739416560571674
assam,2020,3,Realme,236986,0.08374031055002966
assam,2020,3,Huawei,47619,0.01682643636367491
assam,2020,3,Motorola,40261,0.014226446469642698
assam,2020,3,Gionee,39463,0.013944468767082531
assam,2020,3,Asus,38775,0.01370136017139156
assam,2020,3,Lenovo,33169,0.01172044914313054
assam,2020,3,Others,284227,0.10043317852828133
assam,2020,4,Xiaomi,792324,0.25508209028982154
assam,2020,4,Vivo,627536,0.20202997083530658
assam,2020,4,Samsung,465965,0.15001353764608505
assam,2020,4,Oppo,431650,0.1389661101690741
assam,2020,4,Realme,271012,0.08725004853270267
assam,2020,4,Huawei,50719,0.016328558187571573
assam,2020,4,Motorola,42173,0.013577244907124666
assam,2020,4,Gionee,41431,0.01333836420807346
assam,2020,4,Asus,40998,0.013198963476686434
assam,2020,4,Lenovo,34802,0.011204213057115988
assam,2020,4,Others,307543,0.09901089869043798
assam,2021,1,Xiaomi,852998,0.2539857696173947
assam,2021,1,Vivo,692740,0.20626789517062644
assam,2021,1,Samsung,495482,0.14753302716016445
assam,2021,1,Oppo,467440,0.13918333706521585
assam,2021,1,Realme,303919,0.09049388288876291
assam,2021,1,Huawei,53218,0.01584600982358518
assam,2021,1,Asus,46880,0.013958828601782729
assam,2021,1,Motorola,43119,0.012838966093862402
assam,2021,1,Gionee,41879,0.012469747931187262
assam,2021,1,Apple,37442,0.011148601973292425
assam,2021,1,Others,323331,0.09627393367412566
assam,2021,2,Xiaomi,909274,0.25138510435005706
assam,2021,2,Vivo,753920,0.2084347049091858
assam,2021,2,Samsung,522765,0.14452775959233144
assam,2021,2,Oppo,503448,0.13918722850848866
assam,2021,2,Realme,358841,0.0992080299558536
assam,2021,2,Huawei,51958,0.014364720922208559
assam,2021,2,Asus,45364,0.012541691364468784
assam,2021,2,Motorola,42821,0.011838633407942813
assam,2021,2,Apple,41622,0.011507148354905204
assam,2021,2,Gionee,41574,0.011493877894066334
assam,2021,2,Others,345469,0.09551110074049171
assam,2021,3,Xiaomi,977013,0.24933469100263367
assam,2021,3,Vivo,827232,0.21111043057512097
assam,2021,3,Oppo,549403,0.14020819297278536
assam,2021,3,Samsung,540646,0.1379733978481452
assam,2021,3,Realme,422801,0.10789923643861905
assam,2021,3,Huawei,56098,0.014316265490700475
assam,2021,3,Apple,45531,0.011619556562748821
assam,2021,3,Gionee,44481,0.011351595516628897
assam,2021,3,Asus,43763,0.01116836120128213
assam,2021,3,Motorola,42384,0.010816439027377963
assam,2021,3,Others,369128,0.09420183336395745
assam,2021,4,Xiaomi,1040847,0.2472560873491035
assam,2021,4,Vivo,889004,0.21118536218839312
assam,2021,4,Oppo,590804,0.14034712635978175
assam,2021,4,Samsung,559238,0.13284853564158608
assam,2021,4,Realme,501363,0.11910016911381652
assam,2021,4,Huawei,54361,0.01291360609617419
assam,2021,4,Apple,53459,0.012699333498194956
assam,2021,4,Tecno,46362,0.011013421493917106
assam,2021,4,OnePlus,45171,0.010730496145587541
assam,2021,4,Motorola,43263,0.010277245461613729
assam,2021,4,Others,385719,0.0916286166518315
assam,2022,1,Xiaomi,1094829,0.24369667467912154
assam,2022,1,Vivo,949299,0.21130332643382246
assam,2022,1,Oppo,636621,0.1417047052378929
assam,2022,1,Samsung,577746,0.1285997895645473
assam,2022,1,Realme,573316,0.12761372117502848
assam,2022,1,Apple,59621,0.013270966919074948
assam,2022,1,Tecno,55957,0.012455401551310391
assam,2022,1,Huawei,54586,0.01215023230480242
assam,2022,1,OnePlus,52178,0.01161423847140257
assam,2022,1,Infinix,47589,0.010592778462485663
assam,2022,1,Others,390847,0.08699816520051133
bihar,2018,1,Xiaomi,596264,0.2794370991899912
bihar,2018,1,Samsung,450851,0.21128979043998417
bihar,2018,1,Vivo,233197,0.10928698230952796
bihar,2018,1,Oppo,220040,0.10312099892961116
bihar,2018,1,Realme,155139,0.07270536562870816
bihar,2018,1,Motorola,57712,0.027046532858688053
bihar,2018,1,Lenovo,51012,0.023906600606241248
bihar,2018,1,Micromax,37949,0.017784670007179666
bihar,2018,1,Apple,31149,0.014597873094248582
bihar,2018,1,Huawei,30652,0.014364955731641706
bihar,2018,1,Others,269839,0.12645913120417807
bihar,2018,2,Xiaomi,856356,0.28489436675946284
bihar,2018,2,Samsung,632694,0.21048600871893414
bihar,2018,2,Vivo,340287,0.11320741535235034
bihar,2018,2,Oppo,315880,0.10508764178913806
bihar,2018,2,Realme,215953,0.07184371124252796
bihar,2018,2,Motorola,77813,0.025886997184178168
bihar,2018,2,Lenovo,68280,0.022715538120053017
bihar,2018,2,Micromax,51961,0.01728649789478727
bihar,2018,2,Huawei,43343,0.014419443010214673
bihar,2018,2,Apple,39300,0.013074409023404855
bihar,2018,2,Others,364005,0.12109797090494871
bihar,2018,3,Xiaomi,1098938,0.2903759642862333
bihar,2018,3,Samsung,799534,0.2112634709416084
bihar,2018,3,Vivo,448602,0.11853556645664527
bihar,2018,3,Oppo,407853,0.10776832556707759
bihar,2018,3,Realme,274517,0.07253652033869419
bihar,2018,3,Motorola,93118,0.024604872196980605
bihar,2018,3,Lenovo,75263,0.019886987437029914
bihar,2018,3,Huawei,57713,0.015249693819716293
bihar,2018,3,Micromax,54364,0.014364776650235762
bihar,2018,3,Apple,45016,0.011894724186723072
bihar,2018,3,Others,429617,0.11351909811905558
bihar,2018,4,Xiaomi,1399341,0.2929535565085682
bihar,2018,4,Samsung,1008369,0.21110314413926873
bihar,2018,4,Vivo,590399,0.12360067117957822
bihar,2018,4,Oppo,528034,0.11054449076918729
bihar,2018,4,Realme,346806,0.07260421235317947
bihar,2018,4,Motorola,111948,0.023436435253466593
bihar,2018,4,Lenovo,92104,0.019282072324519305
bihar,2018,4,Huawei,75369,0.015778581918556148
bihar,2018,4,Micromax,61472,0.012869229891566606
bihar,2018,4,Apple,52872,0.01106881056134353
bihar,2018,4,Others,509951,0.10675879510076591
bihar,2019,1,Xiaomi,1691958,0.2945036628496861
bihar,2019,1,Samsung,1207394,0.2101600367755783
bihar,2019,1,Vivo,731163,0.12726685983940797
bihar,2019,1,Oppo,649669,0.11308194419713298
bihar,2019,1,Realme,416110,0.07242846403302143
bihar,2019,1,Motorola,126430,0.022006514401708442
bihar,2019,1,Lenovo,103683,0.018047152042334386
bihar,2019,1,Huawei,95145,0.016561020428304592
bihar,2019,1,Micromax,69377,0.01207582021393124
bihar,2019,1,Apple,59723,0.010395436681272113
bihar,2019,1,Others,594465,0.10347308853762247
bihar,2019,2,Xiaomi,1953040,0.2963750267650152
bihar,2019,2,Samsung,1380854,0.20954544771667674
bihar,2019,2,Vivo,852634,0.12938773633451542
bihar,2019,2,Oppo,757333,0.11492575069892541
bihar,2019,2,Realme,480989,0.07299037794857141
bihar,2019,2,Motorola,140153,0.021268304349218232
bihar,2019,2,Lenovo,115382,0.017509289793450716
bihar,2019,2,Huawei,110837,0.016819583235138037
bihar,2019,2,Micromax,72239,0.010962312885797493
bihar,2019,2,Apple,65593,0.009953778279296709
bihar,2019,2,Others,660705,0.1002623919933946
bihar,2019,3,Xiaomi,2197280,0.29772372672254993
bihar,2019,3,Samsung,1536292,0.208162173038502
bihar,2019,3,Vivo,975292,0.13214864235904808
bihar,2019,3,Oppo,853708,0.11567443716451917
bihar,2019,3,Realme,557826,0.07558346482138514
bihar,2019,3,Motorola,148040,0.020058900324039855
bihar,2019,3,Huawei,127268,0.01724436724155569
bihar,2019,3,Lenovo,114334,0.015491855644749884
bihar,2019,3,Micromax,76866,0.010415073171491809
bihar,2019,3,Apple,70777,0.009590035046167041
bihar,2019,3,Others,722582,0.0979073244659914
bihar,2019,4,Xiaomi,2484241,0.29778942767883193
bihar,2019,4,Samsung,1714305,0.20549612731492636
bihar,2019,4,Vivo,1129443,0.13538790502445736
bihar,2019,4,Oppo,977488,0.11717284759527198
bihar,2019,4,Realme,664779,0.07968798435534484
bihar,2019,4,Motorola,159553,0.01912584026849274
bihar,2019,4,Huawei,144428,0.01731278545873703
bihar,2019,4,Lenovo,121418,0.014554544720060741
bihar,2019,4,Micromax,81810,0.009806678610652203
bihar,2019,4,Infinix,79605,0.009542362190453107
bihar,2019,4,Others,785204,0.0941234967827717
bihar,2020,1,Xiaomi,2779954,0.29728204855102547
bihar,2020,1,Samsung,1896957,0.20285632890803504
bihar,2020,1,Vivo,1297671,0.13877002757069282
bihar,2020,1,Oppo,1103628,0.11801950416383548
bihar,2020,1,Realme,782681,0.08369815149529998
bihar,2020,1,Motorola,169958,0.018174927501546853
bihar,2020,1,Huawei,161040,0.017221256574266028
bihar,2020,1,Lenovo,132051,0.014121237902933452
bihar,2020,1,Infinix,94820,0.010139838228836965
bihar,2020,1,Micromax,81035,0.008665701232585988
bihar,2020,1,Others,851439,0.09105097787094195
bihar,2020,2,Xiaomi,3138353,0.2959658581709689
bihar,2020,2,Samsung,2126374,0.20053005691279335
bihar,2020,2,Vivo,1506720,0.14209289962708535
bihar,2020,2,Oppo,1266996,0.11948546210040262
bihar,2020,2,Realme,914785,0.08626981335972396
bihar,2020,2,Motorola,183599,0.017314507193528488
bihar,2020,2,Huawei,179273,0.016906538968651425
bihar,2020,2,Lenovo,141217,0.013317625707920592
bihar,2020,2,Infinix,115210,0.010865006747130524
bihar,2020,2,Micromax,89409,0.008431814844667937
bihar,2020,2,Others,941831,0.08882041636712688
bihar,2020,3,Xiaomi,3459128,0.29406319514914847
bihar,2020,3,Samsung,2346143,0.1994474638859298
bihar,2020,3,Vivo,1712480,0.1455792732818831
bihar,2020,3,Oppo,1419010,0.12063115749072979
bihar,2020,3,Realme,1055287,0.08971077884928208
bihar,2020,3,Motorola,196074,0.016668405137269894
bihar,2020,3,Huawei,194850,0.016564351933438595
bihar,2020,3,Lenovo,150687,0.012810020527554844
bihar,2020,3,Infinix,132702,0.011281101515376793
bihar,2020,3,"HMD Global",97683,0.008304108749879816
bihar,2020,3,Others,999169,0.08494014347950683
bihar,2020,4,Xiaomi,3761975,0.2918559922382237
bihar,2020,4,Samsung,2566835,0.19913640463767063
bihar,2020,4,Vivo,1900128,0.1474129261410912
bihar,2020,4,Oppo,1561641,0.12115292727221524
bihar,2020,4,Realme,1195635,0.09275798995999406
bihar,2020,4,Huawei,209280,0.01623605208849486
bihar,2020,4,Motorola,206587,0.016027127737031195
bihar,2020,4,Lenovo,158922,0.012329252054700786
bihar,2020,4,Infinix,151393,0.011745148288577516
bihar,2020,4,"HMD Global",105494,0.00818427981184861
bihar,2020,4,Others,1071943,0.08316189977015218
bihar,2021,1,Xiaomi,4036125,0.2894049656797565
bihar,2021,1,Samsung,2749873,0.1971759797302336
bihar,2021,1,Vivo,2104591,0.15090689364797286
bihar,2021,1,Oppo,1694257,0.12148444087774467
bihar,2021,1,Realme,1349413,0.09675786130330881
bihar,2021,1,Huawei,220336,0.01579889932001978
bihar,2021,1,Motorola,212374,0.015227994718021024
bihar,2021,1,Infinix,177252,0.012709618502070228
bihar,2021,1,Lenovo,159501,0.011436806697237286
bihar,2021,1,Tecno,123065,0.008824211861966424
bihar,2021,1,Others,1119501,0.08027232766166882
bihar,2021,2,Xiaomi,4268361,0.285087015651877
bihar,2021,2,Samsung,2889063,0.19296267319007432
bihar,2021,2,Vivo,2311477,0.1543852733351171
bihar,2021,2,Oppo,1826833,0.12201553900065282
bihar,2021,2,Realme,1575376,0.10522053836814445
bihar,2021,2,Huawei,215607,0.014400552386186231
bihar,2021,2,Motorola,214140,0.0143025703617133
bihar,2021,2,Infinix,212701,0.014206458478130105
bihar,2021,2,Tecno,157952,0.010549731921982532
bihar,2021,2,Lenovo,154152,0.010295927086946991
bihar,2021,2,Others,1146472,0.07657372021917518
bihar,2021,3,Xiaomi,4521874,0.2798055860082418
bihar,2021,3,Samsung,3009544,0.1862252735342887
bihar,2021,3,Vivo,2576928,0.1594557586392382
bihar,2021,3,Oppo,1994060,0.12338891504619427
bihar,2021,3,Realme,1835886,0.11360138696353039
bihar,2021,3,Infinix,278142,0.017210936285156197
bihar,2021,3,Huawei,222180,0.013748106448634164
bihar,2021,3,Motorola,213677,0.013221955808915305
bihar,2021,3,Tecno,198088,0.012257335989724748
bihar,2021,3,Lenovo,147198,0.009108352565604699
bihar,2021,3,Others,1163194,0.07197639271047154
bihar,2021,4,Xiaomi,4718889,0.27220201729570426
bihar,2021,4,Samsung,3142992,0.18129876815162638
bihar,2021,4,Vivo,2818559,0.16258433831924482
bihar,2021,4,Oppo,2164915,0.12487986690802211
bihar,2021,4,Realme,2149920,0.12401490287743162
bihar,2021,4,Infinix,342716,0.019769057199589685
bihar,2021,4,Tecno,233246,0.013454444833551675
bihar,2021,4,Motorola,220257,0.012705193897016846
bihar,2021,4,Huawei,214582,0.012377840054162497
bihar,2021,4,Apple,144021,0.008307634854929755
bihar,2021,4,Others,1185884,0.06840593560872038
bihar,2022,1,Xiaomi,4888198,0.26444622345731256
bihar,2022,1,Samsung,3283813,0.1776507306762181
bihar,2022,1,Vivo,3062549,0.16568058765274424
bihar,2022,1,Realme,2443092,0.13216863411808863
bihar,2022,1,Oppo,2339620,0.1265709108602388
bihar,2022,1,Infinix,387204,0.020947317499734105
bihar,2022,1,Tecno,280644,0.015182536782665927
bihar,2022,1,Motorola,220543,0.011931137703494432
bihar,2022,1,Huawei,215004,0.011631483795913345
bihar,2022,1,Apple,158500,0.008574678525293786
bihar,2022,1,Others,1205491,0.0652157589282961
chandigarh,2018,1,Xiaomi,20555,0.23826911485139332
chandigarh,2018,1,Samsung,17266,0.20014373811842165
chandigarh,2018,1,Vivo,9360,0.10849909584086799
chandigarh,2018,1,Oppo,7948,0.09213149719478833
chandigarh,2018,1,Apple,7552,0.08754115083229007
chandigarh,2018,1,OnePlus,3638,0.04217090925951685
chandigarh,2018,1,Motorola,3105,0.03599248852413409
chandigarh,2018,1,Realme,2995,0.03471739231232902
chandigarh,2018,1,Lenovo,1965,0.022777855056336067
chandigarh,2018,1,Micromax,1558,0.0180599990726573
chandigarh,2018,1,Others,10326,0.11969675893726527
chandigarh,2018,2,Xiaomi,27862,0.2418177557520895
chandigarh,2018,2,Samsung,23093,0.20042701290585754
chandigarh,2018,2,Vivo,13375,0.11608328487489043
chandigarh,2018,2,Oppo,11129,0.09658997214001162
chandigarh,2018,2,Apple,9962,0.08646143431204922
chandigarh,2018,2,OnePlus,4466,0.038760968243084906
chandigarh,2018,2,Motorola,3914,0.033970091738341764
chandigarh,2018,2,Realme,3861,0.033510098160893606
chandigarh,2018,2,Lenovo,2511,0.021793280622119614
chandigarh,2018,2,Micromax,2049,0.017783525286628073
chandigarh,2018,2,Others,12997,0.11280257596403372
chandigarh,2018,3,Xiaomi,34852,0.2422077515931977
chandigarh,2018,3,Samsung,28614,0.19885609445907723
chandigarh,2018,3,Vivo,17910,0.12446748625714942
chandigarh,2018,3,Oppo,14437,0.10033149632018236
chandigarh,2018,3,Apple,12403,0.08619599285580258
chandigarh,2018,3,OnePlus,5178,0.03598507224117921
chandigarh,2018,3,Realme,4664,0.032412973528941645
chandigarh,2018,3,Motorola,4590,0.03189870250811367
chandigarh,2018,3,Lenovo,2926,0.020334554147873767
chandigarh,2018,3,Micromax,2395,0.01664431209301356
chandigarh,2018,3,Others,15924,0.11066556399546885
chandigarh,2018,4,Xiaomi,43505,0.24475799872852988
chandigarh,2018,4,Samsung,35417,0.19925512104283055
chandigarh,2018,4,Vivo,23567,0.1325873291813645
chandigarh,2018,4,Oppo,18698,0.1051944617911976
chandigarh,2018,4,Apple,15191,0.08546417098460171
chandigarh,2018,4,OnePlus,6197,0.03486416085784851
chandigarh,2018,4,Realme,5731,0.03224245697536386
chandigarh,2018,4,Motorola,5354,0.030121464778589794
chandigarh,2018,4,Lenovo,3148,0.017710566141763293
chandigarh,2018,4,Huawei,2838,0.015966514202771356
chandigarh,2018,4,Others,18101,0.10183575531513893
chandigarh,2019,1,Xiaomi,51075,0.24417353890283255
chandigarh,2019,1,Samsung,41609,0.1989195649575714
chandigarh,2019,1,Vivo,29056,0.1389076132425003
chandigarh,2019,1,Oppo,23095,0.11040994382693917
chandigarh,2019,1,Apple,17580,0.08404446038006454
chandigarh,2019,1,OnePlus,6880,0.03289111987570216
chandigarh,2019,1,Realme,6690,0.031982789530297595
chandigarh,2019,1,Motorola,6007,0.028717580972869607
chandigarh,2019,1,Lenovo,3406,0.01628301661288395
chandigarh,2019,1,Huawei,3364,0.016082227799689257
chandigarh,2019,1,Others,20413,0.09758814389864946
chandigarh,2019,2,Xiaomi,58356,0.24270605018320654
chandigarh,2019,2,Samsung,48067,0.19991349157166682
chandigarh,2019,2,Vivo,34791,0.14469782356439678
chandigarh,2019,2,Oppo,27444,0.11414121669113579
chandigarh,2019,2,Apple,20041,0.08335170251082395
chandigarh,2019,2,OnePlus,7595,0.03158805351877191
chandigarh,2019,2,Realme,7590,0.03156725822349952
chandigarh,2019,2,Motorola,6475,0.026929907377754858
chandigarh,2019,2,Huawei,3816,0.01587096935189383
chandigarh,2019,2,Lenovo,3595,0.014951817300853855
